WORD,LENGTH
Aargh,5
Abaci,5
Aback,5
Abandon,7
Abandoning,10
Abate,5
Abatement,9
Abbacy,6
Abbey,5
Abbot,5
Abdicate,8
Abdicated,9
Abed,4
Abet,4
Abetment,8
Abide,5
Abided,6
Abiding,7
Ability,7
Abiotic,7
Ablate,6
Able,4
Ably,4
Aboard,6
Aboil,5
Abort,5
About,5
Abracadabra,11
Abroad,6
Abundance,9
Abut,4
Acacia,6
Academe,7
Academia,8
Academic,8
Academy,7
Acai,4
Accede,6
Acceded,7
Accent,6
Accept,6
Acceptance,10
Acclaim,7
Accord,6
Account,7
Accountant,10
Accruing,8
Accumulate,10
Aced,4
Acetal,6
Acetate,7
Acetic,6
Acetone,7
Ache,4
Ached,5
Achoo,5
Achy,4
Acid,4
Acidic,6
Acidity,7
Acidly,6
Acidy,5
Acing,5
Acme,4
Acne,4
Acorn,5
Acrid,5
Acridity,8
Acridly,7
Acro,4
Acrylic,7
Acted,5
Acting,6
Action,6
Activating,10
Activity,8
Actor,5
Actual,6
Actuate,7
Actuator,8
Acute,5
Acyclic,7
Adage,5
Adagio,6
Adamant,7
Adapt,5
Adaptivity,10
Adaze,5
Added,5
Addend,6
Addenda,7
Addict,6
Addicted,8
Addicting,9
Adding,6
Addle,5
Addled,6
Addling,7
Adduce,6
Adduced,7
Adduct,6
Adenine,7
Adjacency,9
Adman,5
Admin,5
Admit,5
Admitted,8
Adobo,5
Adopt,5
Adopted,7
Adoptee,7
Adorn,5
Adwoman,7
Aeon,4
Afar,4
Affably,7
Affair,6
Affect,6
Affiant,7
Affiliating,11
Affinity,8
Affirm,6
Affirming,9
Affix,5
Affixed,7
Afflict,7
Affray,6
Affront,7
Afloat,6
Afoot,5
Afoul,5
Afro,4
Again,5
Agar,4
Agate,5
Agave,5
Agaze,5
Aged,4
Ageing,6
Agelong,7
Agenda,6
Agent,5
Aggravating,11
Agile,5
Agilely,7
Agility,7
Aging,5
Agita,5
Agitate,7
Agitating,9
Agleam,6
Aglet,5
Agog,4
Agonizing,9
Agony,5
Agora,5
Agrarian,8
Ague,4
Ahead,5
Ahem,4
Ahoy,4
Aide,4
Aided,5
Aiding,6
Ailing,6
Aimed,5
Aiming,6
Aioli,5
Airbag,6
Airball,7
Airboat,7
Aircraft,8
Airflow,7
Airfoil,7
Airily,6
Airing,6
Airman,6
Airport,7
Airtight,8
Airy,4
Ajar,4
Akin,4
Alack,5
Alarm,5
Albeit,6
Albino,6
Album,5
Albumen,7
Alcohol,7
Alcoholic,9
Alcopop,7
Alexia,6
Alfalfa,7
Alga,4
Algae,5
Algal,5
Alibi,5
Alien,5
Alienable,9
Alienate,8
Align,5
Aligning,8
Alike,5
Alit,4
Alive,5
Alkali,6
Allay,5
Allayed,7
Allaying,8
Allege,6
Alleged,7
Allele,6
Alleviate,9
Alley,5
Allocable,9
Allocate,8
Allot,5
Allow,5
Allowance,9
Alloy,5
Allude,6
Alluded,7
Alluvial,8
Ally,4
Allying,7
Aloe,4
Aloft,5
Aloha,5
Alone,5
Along,5
Aloof,5
Alpaca,6
Alpha,5
Alright,7
Altar,5
Although,8
Alto,4
Alum,4
Alumina,7
Aluminum,8
Alumna,6
Alumnae,7
Alumni,6
Amalgam,7
Amaze,5
Amazing,7
Ambiance,8
Ambience,8
Ameba,5
Amebae,6
Amebic,6
Amen,4
Amenity,7
Amid,4
Amino,5
Amity,5
Ammo,4
Ammonia,7
Amnio,5
Amniotic,8
Amok,4
Among,5
Amoral,6
Amount,6
Amour,5
Amping,6
Amply,5
Amulet,6
Amyl,4
Anabiotic,9
Anabolic,8
Anaconda,8
Anagram,7
Anagramming,11
Anal,4
Anally,6
Analog,6
Analogizing,11
Analytic,8
Analytical,10
Analytically,12
Analyze,7
Analyzed,8
Anatomic,8
Anatomy,7
Ancho,5
Ancient,7
Ancillary,9
Andiron,7
Android,7
Anemia,6
Anemic,6
Anew,4
Angel,5
Angina,6
Angle,5
Angled,6
Angling,7
Angora,6
Anima,5
Animal,6
Animate,7
Animation,9
Anime,5
Anion,5
Ankh,4
Ankle,5
Anklebone,9
Annal,5
Annatto,7
Anneal,6
Annealed,8
Annex,5
Annexed,7
Annihilate,10
Annihilation,12
Annotate,8
Annotation,10
Annotator,9
Annoy,5
Annoying,8
Annual,6
Annul,5
Annuli,6
Annulled,8
Annulling,9
Anoint,6
Anon,4
Anonymity,9
Anoxia,6
Anoxic,6
Antacid,7
Antarctic,9
Ante,4
Antenatal,9
Antenna,7
Antennae,8
Anthill,7
Anti,4
Antiaircraft,12
Antibiotic,10
Antic,5
Anticipant,10
Antifa,6
Antimony,8
Antitoxin,9
Antonym,7
Antonymy,8
Anvil,5
Anyhoo,6
Anytime,7
Aorta,5
Aortal,6
Aortic,6
Apace,5
Apart,5
Apathetic,9
Apeman,6
Apemen,6
Aphid,5
Apian,5
Apiary,6
Apiece,6
Aping,5
Apnea,5
Appall,6
Apparat,7
Appeal,6
Appealable,10
Appellee,8
Appendix,8
Appetite,8
Appetitive,10
Appetize,8
Applaud,7
Apple,5
Applicable,10
Apply,5
Apricot,7
Apron,5
Aptly,5
Aqua,4
Aquas,5
Arabica,7
Arability,9
Arancini,8
Arbitrarily,11
Arbitrary,9
Arbitrator,10
Arbor,5
Arborio,7
Arcadia,7
Arcana,6
Arch,4
Archaic,7
Arcing,6
Arco,4
Arctic,6
Ardor,5
Argon,5
Argonaut,8
Argot,5
Arguably,8
Arguing,7
Arhat,5
Aria,4
Arid,4
Aridity,7
Aril,4
Armada,6
Armband,7
Armful,6
Arming,6
Armor,5
Arnica,6
Aroma,5
Arraign,7
Arraigning,10
Arranging,9
Arrant,6
Array,5
Arrival,7
Arriving,8
Arrogant,8
Arrow,5
Arrowroot,9
Arroyo,6
Arthralgia,10
Arthritic,9
Artifact,8
Arty,4
Arugula,7
Arum,4
Asea,4
Asks,4
Assay,5
Assays,6
Asses,5
Assess,6
Assesses,8
Ataxia,6
Athlete,7
Atilt,5
Atoll,5
Atom,4
Atomic,6
Atomization,11
Atonal,6
Atone,5
Atop,4
Atria,5
Atrial,6
Attach,6
Attache,7
Attack,6
Attagirl,8
Attain,6
Attaining,9
Attainment,10
Attar,5
Attempt,7
Attenuate,9
Attic,5
Attract,7
Attractant,10
Attractor,9
Attrition,9
Attune,6
Attuning,8
Audibly,7
Audit,5
Auditing,8
Aught,5
Augment,7
Augur,5
Auguring,8
Augury,6
Auks,4
Aunt,4
Aunty,5
Aura,4
Aural,5
Aurora,6
Auroral,7
Author,6
Auto,4
Autocracy,9
Autocrat,8
Automat,7
Automata,8
Automaton,9
Autonomy,8
Autumn,6
Autumnal,8
Avail,5
Available,9
Availing,8
Avalanche,9
Avatar,6
Avian,5
Aviate,6
Aviating,8
Aviation,8
Aviator,7
Avid,4
Avidity,7
Avidly,6
Avocet,6
Awake,5
Awaken,6
Awakening,9
Awaking,7
Award,5
Away,4
Awed,4
Awing,5
Awkward,7
Awry,4
Axial,5
Axially,7
Axilla,6
Axillae,7
Ayes,4
Azalea,6
Baaed,5
Baaing,6
Baba,4
Babble,6
Babbling,8
Babe,4
Babel,5
Babied,6
Babka,5
Baboon,6
Baby,4
Baccarat,8
Bacilli,7
Back,4
Backbit,7
Backbite,8
Backboard,9
Backcomb,8
Backdoor,8
Backfill,8
Backlot,7
Backroom,8
Backtalk,8
Backtrack,9
Bacon,5
Baddie,6
Bade,4
Badge,5
Badged,6
Badging,7
Badly,5
Bagged,6
Bagging,7
Baggy,5
Bagman,6
Bagmen,6
Baht,4
Bail,4
Bailiff,7
Bailing,7
Bait,4
Baize,5
Bake,4
Bald,4
Balding,7
Baldly,6
Bale,4
Baleen,6
Baling,6
Balk,4
Ball,4
Ballad,6
Ballcock,8
Ballet,6
Balletic,8
Balling,7
Balloon,7
Ballooning,10
Ballot,6
Bamboo,6
Banal,5
Banally,7
Banana,6
Banc,4
Band,4
Bandaging,9
Bandana,7
Bandanna,8
Banding,7
Bane,4
Bang,4
Banging,7
Bank,4
Bankable,8
Banning,7
Bantam,6
Baobab,6
Baptize,7
Barb,4
Barback,7
Barbacoa,8
Barbarian,9
Barbaric,8
Barbarity,9
Bard,4
Bargain,7
Bargaining,10
Barging,7
Bariatric,9
Baring,6
Bark,4
Barmaid,7
Barman,6
Barn,4
Baron,5
Barrack,7
Barring,7
Barrio,6
Barroom,7
Barrow,6
Bate,4
Bath,4
Bathe,5
Batik,5
Baton,5
Battement,9
Batten,6
Battily,7
Battle,6
Batty,5
Bauble,6
Baud,4
Bead,4
Beaded,6
Beak,4
Beam,4
Beaming,7
Bean,4
Beanball,8
Beanie,6
Beat,4
Beatable,8
Beaten,6
Beau,4
Bebop,5
Became,6
Beck,4
Become,6
Bedded,6
Bedeck,6
Bedecked,8
Bedhead,7
Beech,5
Beef,4
Beefed,6
Beeline,7
Been,4
Beep,4
Beet,4
Beetle,6
Befell,6
Befit,5
Befitting,9
Befoul,6
Befouled,8
Befuddle,8
Befuddled,9
Begem,5
Begemming,9
Beget,5
Begetting,9
Begged,6
Begone,6
Behead,6
Beheaded,8
Beignet,7
Belay,5
Belie,5
Belief,6
Believable,10
Believe,7
Belittle,8
Bell,4
Belle,5
Bellmen,7
Bellow,6
Belly,5
Belong,6
Belonged,8
Below,5
Belt,4
Beltline,8
Bend,4
Benefit,7
Benefiting,10
Benefitting,11
Benevolent,10
Bent,4
Bento,5
Benumb,6
Beta,4
Betake,6
Betaken,7
Betel,5
Betting,7
Bevel,5
Bezel,5
Bialy,5
Biathlete,9
Biaxial,7
Bibelot,7
Bible,5
Biblical,8
Biblically,10
Bicarb,6
Bicep,5
Bicycle,7
Bidding,7
Biddy,5
Bide,4
Bided,5
Biding,6
Biennia,7
Biennial,8
Biff,4
Bighead,7
Bigheaded,9
Bike,4
Bikini,6
Bilabial,8
Bile,4
Bilk,4
Bill,4
Billable,8
Billabong,9
Billet,6
Billiard,8
Billing,7
Billion,7
Billionth,9
Billow,6
Billy,5
Bind,4
Bindi,5
Binding,7
Binging,7
Bingo,5
Binning,7
Biome,5
Bionic,6
Biota,5
Biotech,7
Biotic,6
Biotin,6
Biradial,8
Bird,4
Birdbath,8
Birdbrain,9
Birria,6
Birth,5
Bite,4
Biting,6
Bitten,6
Bivalve,7
Blab,4
Blabbing,8
Blabby,6
Black,5
Blackball,9
Blading,7
Blah,4
Bland,5
Blank,5
Blaring,7
Blat,4
Blazing,7
Bleak,5
Bleat,5
Bleep,5
Blend,5
Blended,7
Blew,4
Blin,4
Blind,5
Blinding,8
Bling,5
Blini,5
Blip,4
Blithe,6
Blizzard,8
Bloat,5
Blob,4
Blobbing,8
Blobs,5
Bloc,4
Block,5
Blockable,9
Blocked,7
Blocks,6
Blocs,5
Blog,4
Blogged,7
Blogging,8
Bloke,5
Blond,5
Blonde,6
Bloom,5
Bloop,5
Blot,4
Blotto,6
Blow,4
Blowpipe,8
Blue,4
Bluebell,8
Bluebottle,10
Bluefin,7
Bluff,5
Bluffed,7
Blur,4
Blurb,5
Boar,4
Board,5
Boat,4
Boba,4
Bobbed,6
Bobbin,6
Bobbing,7
Bobble,6
Bobbling,8
Bobcat,6
Bobs,4
Bocce,5
Bocci,5
Bock,4
Bocks,5
Bode,4
Boded,5
Boding,6
Body,4
Boffo,5
Bogged,6
Bogging,7
Boggle,6
Boggled,7
Boggling,8
Boho,4
Boil,4
Boiling,7
Boing,5
Bola,4
Boll,4
Bolls,5
Bolo,4
Bologna,7
Bolos,5
Bolt,4
Bomb,4
Bonbon,6
Bond,4
Bonded,6
Bonding,7
Bone,4
Boned,5
Bong,4
Bongo,5
Boning,6
Bonito,6
Bonk,4
Bonnet,6
Bonny,5
Bonobo,6
Bony,4
Boob,4
Booboo,6
Booboos,7
Boobs,5
Booed,5
Boogaloo,8
Boohoo,6
Boohoos,7
Booing,6
Book,4
Bookable,8
Booked,6
Bookie,6
Bookmark,8
Bookmobile,10
Bookrack,8
Books,5
Bookwork,8
Boom,4
Boomlet,7
Boon,4
Boondoggle,10
Boondoggled,11
Boop,4
Boor,4
Boos,4
Boot,4
Bootblack,9
Booted,6
Bootee,6
Booth,5
Bootie,6
Boric,5
Boring,6
Born,4
Boron,5
Borrow,6
Borrowing,9
Bosh,4
Boss,4
Botanic,7
Botch,5
Both,4
Botnet,6
Bottle,6
Bottleful,9
Bought,6
Boule,5
Bout,4
Bovid,5
Bowel,5
Bowl,4
Bowwow,6
Boycotted,9
Brad,4
Brag,4
Bragging,8
Braggy,6
Braid,5
Brain,5
Braining,8
Bran,4
Brand,5
Brat,4
Bratty,6
Bray,4
Briar,5
Briary,6
Bribing,7
Brick,5
Brickbat,8
Brickwork,9
Bridal,6
Brig,4
Brim,4
Bring,5
Bringing,8
Brining,7
Brio,4
Broad,5
Brood,5
Brook,5
Broth,5
Brought,7
Brow,4
Brown,5
Browning,8
Brut,4
Bubba,5
Bubble,6
Bubbly,6
Buddy,5
Buff,4
Buffed,6
Buffet,6
Buggy,5
Build,5
Built,5
Bulb,4
Bulgur,6
Bulgy,5
Bull,4
Bullet,6
Bulletin,8
Bullfrog,8
Bully,5
Bumble,6
Bumblebee,9
Bumming,7
Bump,4
Bumping,7
Bumpkin,7
Bunk,4
Bunny,5
Burb,4
Burbot,6
Burg,4
Burglar,7
Burglary,8
Burgoo,6
Burl,4
Burr,4
Burrata,7
Burro,5
Butt,4
Butte,5
Cabal,5
Cabala,6
Cabali,6
Cabana,6
Cabbed,6
Cabbie,6
Cabby,5
Cabin,5
Cable,5
Cacao,5
Cache,5
Cached,6
Cachet,6
Cackle,6
Cackled,7
Cackling,8
Cacti,5
Caddie,6
Caddied,7
Caddy,5
Cadence,7
Cadet,5
Cadge,5
Cadged,6
Cadging,7
Cafe,4
Caftan,6
Cage,4
Caged,5
Cagily,6
Caging,6
Cagy,4
Caiman,6
Cairn,5
Cake,4
Caked,5
Caking,6
Calcify,7
Calcite,7
Calculate,9
Calculi,7
Calf,4
Calico,6
Call,4
Calla,5
Callable,8
Callaloo,8
Callback,8
Called,6
Calling,7
Callow,6
Calm,4
Calmly,6
Calve,5
Came,4
Camel,5
Camellia,8
Cameo,5
Cami,4
Camo,4
Camp,4
Campaign,8
Campaigning,11
Camping,7
Campo,5
Canal,5
Canard,6
Canary,6
Cancan,6
Cancel,6
Canceled,8
Cancelled,9
Candid,6
Candidacy,9
Candied,7
Candor,6
Candy,5
Cane,4
Caned,5
Canid,5
Canine,6
Caning,6
Canna,5
Canned,6
Cannibal,8
Cannily,7
Canning,7
Cannon,6
Cannonball,10
Cannot,6
Cannula,7
Canny,5
Canoe,5
Canola,6
Canon,5
Canonic,7
Canopic,7
Cant,4
Cantata,7
Canteen,7
Cantina,7
Canton,6
Cantor,6
Canyon,6
Capable,7
Capacitor,9
Cape,4
Capiche,7
Capital,7
Caplet,6
Capo,4
Capon,5
Capri,5
Captain,7
Captcha,7
Captor,6
Carat,5
Caravan,7
Carb,4
Card,4
Cardboard,9
Cardiac,7
Caring,6
Carload,7
Carnal,6
Carnally,8
Carny,5
Carob,5
Carol,5
Carom,5
Carp,4
Carpaccio,9
Carpi,5
Carport,7
Carrot,6
Carry,5
Carryall,8
Carryout,8
Cart,4
Cartload,8
Carton,6
Cartoon,7
Catacca,7
Catacomb,8
Catalpa,7
Catalytic,9
Catalytically,13
Catamaran,9
Cataract,8
Catarrh,7
Catatonia,9
Catatonic,9
Catatta,7
Catcall,7
Catch,5
Catchup,7
Cathartic,9
Catholic,8
Cation,6
Catmint,7
Catnap,6
Catnip,6
Cattail,7
Cattily,7
Cattle,6
Catty,5
Caul,4
Cava,4
Cave,4
Caveat,6
Caving,6
Cavity,6
Cawed,5
Cayenne,7
Cede,4
Ceded,5
Ceiling,7
Celeb,5
Celiac,6
Celibacy,8
Celibate,8
Cell,4
Cellblock,9
Celled,6
Celli,5
Cellmate,8
Cello,5
Cellule,7
Cement,6
Cent,4
Centipede,9
Cetacean,8
Chad,4
Chai,4
Chain,5
Chained,7
Chair,5
Chalice,7
Chalk,5
Chalked,7
Challah,7
Champ,5
Chance,6
Chanced,7
Chancel,7
Change,6
Changed,7
Channel,7
Channeled,9
Chaotic,7
Chap,4
Chapati,7
Chapped,7
Char,4
Chariot,7
Chart,5
Chat,4
Chaw,4
Cheap,5
Cheapie,7
Cheat,5
Check,5
Checked,7
Cheeky,6
Cheep,5
Cheeped,7
Cheetah,7
Chemical,8
Chew,4
Chewed,6
Chewing,7
Chia,4
Chic,4
Chica,5
Chichi,6
Chick,5
Chicle,6
Chide,5
Chided,6
Chignon,7
Child,5
Childhood,9
Childlike,9
Chili,5
Chill,5
Chilled,7
Chime,5
Chiming,7
Chin,4
China,5
Chinned,7
Chinning,8
Chino,5
Chip,4
Chipped,7
Chirp,5
Chit,4
Chitchat,8
Chloric,7
Chlorophyll,11
Chock,5
Chocking,8
Chocoholic,10
Choice,6
Choir,5
Choirgirl,9
Choking,7
Chop,4
Choppy,6
Chum,4
Chump,5
Chuppah,7
Church,6
Chutzpah,8
Ciao,4
Cicada,6
Cicely,6
Cichlid,7
Cigar,5
Cilia,5
Cinch,5
Cinched,7
Cinching,8
Cinema,6
Cinnamon,8
Cioppino,8
Circa,5
Cirri,5
Citable,7
Citation,8
Cite,4
Cited,5
Citification,12
Citing,6
Citric,6
City,4
Civet,5
Civic,5
Clack,5
Clacked,7
Clacking,8
Clad,4
Clade,5
Claim,5
Clam,4
Clammy,6
Clan,4
Clang,5
Clanging,8
Clank,5
Clanking,8
Clap,4
Clave,5
Clay,4
Clean,5
Cleaned,7
Cleat,5
Cleave,6
Clef,4
Clemency,8
Clement,7
Clementine,10
Clench,6
Clenched,8
Cliche,6
Cliched,7
Click,5
Clickable,9
Clicked,7
Client,6
Clientele,9
Cliff,5
Climactic,9
Climatic,8
Clime,5
Cling,5
Clinging,8
Clinic,6
Clinical,8
Clinically,10
Clinician,9
Clink,5
Clinking,8
Clip,4
Clippable,9
Clipped,7
Cloaca,6
Cloak,5
Cloche,6
Clock,5
Clocked,7
Clod,4
Clog,4
Clone,5
Cloned,6
Clop,4
Clot,4
Cloth,5
Cloud,5
Cloudily,8
Cloudy,6
Clove,5
Clown,5
Clowned,7
Cloy,4
Cluced,6
Cluck,5
Clue,4
Clued,5
Clunk,5
Clunked,7
Clutch,6
Coach,5
Coal,4
Coat,4
Coati,5
Coatroom,8
Coattail,8
Coauthor,8
Cobalt,6
Cobble,6
Cobra,5
Cobs,4
Coca,4
Cocci,5
Cochair,7
Cock,4
Cockatoo,8
Cocked,6
Cocking,7
Cockle,6
Cocktail,8
Cocoa,5
Coconut,7
Cocoon,6
Cocooned,8
Cocooning,9
Coda,4
Coddle,6
Coddled,7
Code,4
Coded,5
Codevelop,9
Codeveloped,11
Codicil,7
Codon,5
Coed,4
Coevolve,8
Coevolved,9
Coffee,6
Coffin,6
Coffining,9
Cofound,7
Cofounded,9
Cogent,6
Cognate,7
Coho,4
Coif,4
Coiffing,8
Coil,4
Coin,4
Coining,7
Coir,4
Coital,6
Coke,4
Cola,4
Colcannon,9
Cold,4
Coldcock,8
Coldcocked,10
Coldly,6
Colic,5
Collab,6
Collar,6
Collard,7
Collectible,11
Colleen,7
Collie,6
Colloid,7
Colon,5
Colonel,7
Colonic,7
Colony,6
Color,5
Colt,4
Coma,4
Comb,4
Combat,6
Combatant,9
Combo,5
Come,4
Comeback,8
Comic,5
Comical,7
Comity,6
Command,7
Commando,8
Commit,6
Committal,9
Commodity,9
Common,6
Commotion,9
Communion,9
Comp,4
Companion,9
Concatenate,11
Concave,7
Conceal,7
Concede,7
Conceded,8
Conceit,7
Conch,5
Concoct,7
Concoction,10
Concord,7
Concur,6
Condo,5
Condole,7
Condoled,8
Condom,6
Condominium,11
Condone,7
Condoned,8
Condor,6
Cone,4
Coned,5
Confining,9
Confirm,7
Confit,6
Conflict,8
Confluence,10
Conform,7
Confound,8
Confounded,10
Conga,5
Conic,5
Conjoin,7
Conjoint,8
Conk,4
Conked,6
Conking,7
Connect,7
Connection,10
Conned,6
Conning,7
Connotation,11
Connote,7
Contact,7
Contain,7
Contaminant,11
Content,7
Contention,10
Continence,10
Continent,9
Continuity,10
Continuum,9
Contort,7
Contour,7
Contract,8
Contractor,10
Convect,7
Convene,7
Convened,8
Convey,6
Conveyed,8
Convo,5
Convoy,6
Convoyed,8
Cooed,5
Cooing,6
Cook,4
Cookable,8
Cookbook,8
Cookbooks,9
Cooked,6
Cooking,7
Cool,4
Cooled,6
Coolly,6
Coop,4
Coopt,5
Coot,4
Cootie,6
Cope,4
Copout,6
Copy,4
Coral,5
Cordon,6
Cordovan,8
Corgi,5
Cork,4
Corkboard,9
Cormorant,9
Corn,4
Cornball,8
Corolla,7
Corona,6
Coronal,7
Corpora,7
Corral,6
Cote,4
Cotenant,8
Cotillion,9
Cotton,6
Cottony,7
Couch,5
Couching,8
Cough,5
Coughing,8
Could,5
Coulee,6
Council,7
Councilor,9
Count,5
County,6
Coup,4
Coupon,6
Court,5
Couth,5
Cove,4
Coven,5
Covenant,8
Covet,5
Covey,5
Cowl,4
Coyly,5
Crab,4
Crack,5
Craft,5
Crag,4
Cram,4
Crania,6
Cranial,7
Craning,7
Cranny,6
Crap,4
Crib,4
Crick,5
Cringing,8
Critic,6
Croak,5
Croc,4
Croci,5
Crock,5
Crook,5
Croon,5
Crop,4
Crouch,6
Crouton,7
Crutch,6
Cube,4
Cubed,5
Cuckoo,6
Cuckooed,8
Cuddle,6
Cuddled,7
Cuddly,6
Cude,4
Cued,4
Cuff,4
Cuffed,6
Cuing,5
Cuke,4
Cull,4
Culled,6
Cult,4
Cumin,5
Cunning,7
Cuppa,5
Cupped,6
Curacao,7
Curator,7
Curing,6
Curio,5
Curium,6
Curl,4
Currant,7
Curt,4
Curving,7
Cute,4
Cutie,5
Cutlet,6
Cutoff,6
Cutout,6
Cutthroat,9
Cuttle,6
Cutup,5
Cyan,4
Cyanide,7
Cycle,5
Cyclic,6
Cyclical,8
Cyclically,10
Cynic,5
Cynical,7
Cynically,9
Dabbed,6
Dabbing,7
Dabbling,8
Dacha,5
Daddy,5
Dahlia,6
Daily,5
Daintily,8
Dairy,5
Dale,4
Dally,5
Dallying,8
Dalmatian,9
Damage,6
Damaged,7
Dame,4
Dammed,6
Dammit,6
Damn,4
Dance,5
Danced,6
Dancehall,9
Dancing,7
Dandily,7
Dandle,6
Dandled,7
Dandling,8
Dandy,5
Dang,4
Dangle,6
Dangled,7
Dangling,8
Dangly,6
Dank,4
Daphne,6
Dark,4
Darn,4
Dart,4
Dartboard,9
Data,4
Date,4
Dated,5
Dating,6
Daub,4
Daunt,5
Daunting,8
Dawn,4
Dawned,6
Daylily,7
Daylit,6
Daytime,7
Daywork,7
Daze,4
Dazed,5
Dazedly,7
Dazzle,6
Dazzled,7
Dead,4
Deaden,6
Deadened,8
Deadeye,7
Deadhead,8
Deadheaded,10
Deadly,6
Deal,4
Dealt,5
Dean,4
Debone,6
Deboned,7
Debt,4
Decade,6
Decadence,9
Decal,5
Decay,5
Decayed,7
Deceit,6
Deceive,7
Deceived,8
Decency,7
Decide,6
Decided,7
Deck,4
Decked,6
Deckle,6
Decline,7
Declined,8
Deco,4
Decoct,6
Decocted,8
Decode,6
Decoded,7
Decoy,5
Decoyed,7
Dedicate,8
Dedicated,9
Dedicatee,9
Deduce,6
Deduced,7
Deduct,6
Deducted,8
Deductive,9
Deed,4
Deeded,6
Deem,4
Deemed,6
Deeming,7
Deep,4
Deepen,6
Deepened,8
Defend,6
Defended,8
Defied,6
Deft,4
Defund,6
Defunded,8
Dehumidified,12
Deice,5
Deiced,6
Deicide,7
Deified,7
Deject,6
Dejected,8
Deke,4
Deked,5
Delay,5
Delayed,7
Delete,6
Deleted,7
Deli,4
Delight,7
Delighted,9
Dell,4
Delt,4
Delta,5
Delude,6
Deluded,7
Deluge,6
Deluged,7
Delve,5
Delved,6
Delving,7
Demon,5
Demonym,7
Dengue,6
Denied,6
Denim,5
Denizen,7
Denote,6
Denoted,7
Dent,4
Dented,6
Denude,6
Denuded,7
Deny,4
Depend,6
Depended,8
Dependence,10
Dependent,9
Depict,6
Depicted,8
Deplete,7
Depleted,8
Depot,5
Depute,6
Deputed,7
Detect,6
Detected,8
Detective,9
Detente,7
Detention,9
Detox,5
Detoxed,7
Detoxified,10
Deuce,5
Devein,6
Deveined,8
Deveining,9
Develop,7
Developed,9
Device,6
Devil,5
Deviled,7
Deviling,8
Devoid,6
Devolve,7
Devolved,8
Devote,6
Devoted,7
Devotee,7
Devotion,8
Dhoti,5
Diabolic,8
Diabolical,10
Diacritic,9
Diadem,6
Dial,4
Dialing,7
Diamond,7
Diary,5
Dice,4
Diced,5
Dicing,6
Dicta,5
Dictate,7
Dictated,8
Dictating,9
Didact,6
Didactic,8
Didactically,12
Diddle,6
Diddled,7
Diddling,8
Diddly,6
Died,4
Diet,4
Dieted,6
Dietetic,8
Digging,7
Digit,5
Dike,4
Dildo,5
Dill,4
Dilly,5
Dillydally,10
Dillydallying,13
Dilute,6
Diluted,7
Dime,4
Dimity,6
Dimmed,6
Dimming,7
Dimpling,8
Dinar,5
Dine,4
Dined,5
Ding,4
Dinged,6
Dinging,7
Dingo,5
Dingy,5
Dining,6
Dink,4
Dino,4
Dint,4
Diode,5
Dioxin,6
Dipped,6
Dipping,7
Dippy,5
Dirt,4
Dirty,5
Ditch,5
Ditched,7
Ditto,5
Ditty,5
Diva,4
Divan,5
Dive,4
Divebomb,8
Divebombed,10
Dived,5
Divide,6
Divided,7
Dividend,8
Dividing,8
Divine,6
Divined,7
Divinely,8
Diving,6
Divining,8
Divot,5
Divvied,7
Divvy,5
Docility,8
Dock,4
Docked,6
Doctoral,8
Dodge,5
Dodged,6
Dodging,7
Dodo,4
Doeth,5
Doff,4
Doffed,6
Doge,4
Dogged,6
Doggie,6
Dogging,7
Doggo,5
Doggone,7
Dogie,5
Dogleg,6
Doglegged,9
Dognap,6
Dogpile,7
Dogpiled,8
Doily,5
Doing,5
Dole,4
Doled,5
Doleful,7
Doling,6
Doll,4
Dollar,6
Dolled,6
Dollied,7
Dolling,7
Dollop,6
Dolly,5
Dolor,5
Dolt,4
Domain,6
Dominion,8
Domino,6
Done,4
Donee,5
Dong,4
Dongle,6
Donned,6
Donning,7
Donor,5
Donut,5
Doodad,6
Doodle,6
Doodled,7
Doodling,8
Doom,4
Doomy,5
Door,4
Doornail,8
Doorway,7
Dooryard,8
Dope,4
Doped,5
Doping,6
Dorado,6
Dork,4
Dory,4
Dote,4
Doted,5
Doth,4
Doting,6
Dotted,6
Dotting,7
Dotty,5
Doubt,5
Dour,4
Dove,4
Dowdy,5
Dowel,5
Down,4
Downed,6
Downlink,8
Downtown,8
Downwind,8
Downy,5
Dowry,5
Doxing,6
Doxxing,7
Doyen,5
Doyenne,7
Dozing,6
Drab,4
Drain,5
Dram,4
Drama,5
Dramatic,8
Drat,4
Draw,4
Drawl,5
Dray,4
Drib,4
Drill,5
Drip,4
Dripping,8
Drippy,6
Droid,5
Droll,5
Drolly,6
Droning,7
Drool,5
Drooly,6
Droop,5
Drooping,8
Drop,4
Dropping,8
Drown,5
Drowning,8
Drub,4
Drug,4
Dryad,5
Dryly,5
Dual,4
Dually,6
Ducat,5
Duck,4
Ducked,6
Duct,4
Dude,4
Duel,4
Dueled,6
Duet,4
Duetted,7
Duff,4
Duffel,6
Duffle,6
Dugong,6
Dugout,6
Duke,4
Duked,5
Dull,4
Dulled,6
Dully,5
Duly,4
Dummied,7
Dump,4
Dumped,6
Dunce,5
Dune,4
Dung,4
Dunk,4
Dunked,6
Dunned,6
Dunno,5
Dupe,4
Duped,5
Duple,5
Dwell,5
Dwelled,7
Dwindle,7
Dyad,4
Dyed,4
Dying,5
Dyne,4
Each,4
Eagle,5
Eagled,6
Eaglet,6
Ease,4
Eases,5
Easy,4
Eaten,5
Eave,4
Ebbed,5
Ebon,4
Ebony,5
Ebullient,9
Echelon,7
Echidna,7
Echinacea,9
Echo,4
Echolocate,10
Eclat,5
Eclectic,8
Ecliptic,8
Ecotone,7
Edamame,7
Eddied,6
Eddy,4
Edema,5
Edge,4
Edged,5
Edging,6
Edict,5
Edified,7
Edit,4
Edited,6
Edition,7
Educe,5
Educed,6
Eely,4
Efface,6
Effacement,10
Effect,6
Effecting,9
Effectual,9
Effectuate,10
Effete,6
Efficient,9
Effluence,9
Egad,4
Egged,5
Egghead,7
Eggheaded,9
Egging,6
Eggnog,6
Eggy,4
Eidetic,7
Eight,5
Eighth,6
Eightieth,9
Eject,5
Ejected,7
Ejection,8
Eked,4
Eking,5
Elan,4
Eland,5
Elate,5
Elated,6
Elatedly,8
Elbow,5
Elect,5
Electable,9
Electee,7
Elegize,7
Elegizing,9
Elegy,5
Element,7
Elevate,7
Eleven,6
Elfin,5
Elicit,6
Elide,5
Elided,6
Elite,5
Elliptic,8
Elliptical,10
Elope,5
Elude,5
Eluded,6
Emaciate,8
Emanate,7
Embank,6
Embankment,10
Embezzle,8
Emblem,6
Embolden,8
Emboldened,10
Emcee,5
Emceed,6
Emceeing,8
Emend,5
Emended,7
Emending,8
Emetic,6
Eminence,8
Eminent,7
Eminently,9
Emit,4
Emitting,8
Emolument,9
Emote,5
Emoting,7
Emotion,7
Employ,6
Employee,8
Emptied,7
Emulate,7
Enable,6
Enact,5
Enactment,9
Enamel,6
Enameled,8
Enby,4
Encage,6
Encaged,7
Encaging,8
Encampment,10
Enchain,7
Enchained,9
Enclave,7
Encode,6
Encoded,7
Ended,5
Endgame,7
Ending,6
Endive,6
Endnote,7
Endow,5
Endowed,7
Endue,5
Endued,6
Enema,5
Enemy,5
Engage,6
Engaged,7
Engagement,10
Engaging,8
Engine,6
Engulf,6
Engulfed,8
Enhance,7
Enhanced,8
Enigma,6
Enjambment,10
Enjoin,6
Enlace,6
Enlaced,7
Enliven,7
Enlivened,9
Enlivening,10
Enmity,6
Ennead,6
Ennoble,7
Ennobled,8
Ennoblement,11
Ennui,5
Enoki,5
Enough,6
Entail,6
Entente,7
Entice,6
Enticement,10
Enticing,8
Entitle,7
Entitlement,11
Entity,6
Enviable,8
Envied,6
Envoy,5
Envy,4
Epee,4
Epic,4
Epicene,7
Epileptic,9
Epilog,6
Epiphany,8
Epitaph,7
Epithet,7
Epode,5
Equal,5
Equaled,7
Essay,5
Essays,6
Etch,4
Etched,6
Ethane,6
Ethic,5
Ethyl,5
Etouffee,8
Etude,5
Etymology,9
Eunuch,6
Even,4
Evened,6
Evening,7
Evenly,6
Event,5
Evict,5
Evicted,7
Evictee,7
Evil,4
Evilly,6
Evince,6
Evoke,5
Evoking,7
Evolve,6
Evolved,7
Exalt,5
Exalted,7
Exaltedly,9
Excellence,10
Excelling,9
Excite,6
Exeunt,6
Exile,5
Exiling,7
Exit,4
Exited,6
Expend,6
Expended,8
Expending,9
Expound,7
Expounded,9
Extant,6
Extent,6
Extenuate,9
Extinct,7
Exult,5
Exultant,8
Eyeball,7
Eyed,4
Eyeing,6
Eyelet,6
Eyeteeth,8
Eyetooth,8
Eying,5
Face,4
Facet,5
Facial,6
Facially,8
Facile,6
Facility,8
Fact,4
Facticity,9
Faction,7
Factotum,8
Factual,7
Fading,6
Fail,4
Failing,7
Faint,5
Fainting,8
Faintly,7
Fair,4
Fairly,6
Fairy,5
Fake,4
Faked,5
Falafel,7
Fall,4
Fallacy,7
Fallback,8
Fallible,8
Fallibly,8
Falling,7
Falloff,7
Familial,8
Familiar,8
Familiarly,10
Family,6
Fanatic,7
Fanciful,8
Fanfic,6
Fang,4
Fanning,7
Fanny,5
Fantail,7
Farm,4
Farming,7
Farro,5
Farrow,6
Fart,4
Fatal,5
Fatality,8
Fatally,7
Fate,4
Fateful,7
Fating,6
Fatly,5
Fatty,5
Faucet,6
Fault,5
Faun,4
Fauna,5
Fawning,7
Feat,4
Fecal,5
Fecund,6
Feeble,6
Feed,4
Feel,4
Feet,4
Feign,5
Feigning,8
Feint,5
Feinting,8
Feline,6
Fell,4
Fella,5
Fellate,7
Felled,6
Fellow,6
Felon,5
Felt,4
Feminine,8
Femininity,10
Femme,5
Fence,5
Fenced,6
Fencing,7
Fend,4
Fended,6
Feta,4
Fetal,5
Fete,4
Feted,5
Fetid,5
Feting,6
Fettle,6
Fettuccine,10
Feud,4
Feuded,6
Fiat,4
Fiction,7
Fiddling,8
Fiddly,6
Fief,4
Fife,4
Fifed,5
Fifing,6
Fifteen,7
File,4
Filial,6
Filially,8
Filing,6
Fill,4
Fillable,8
Filling,7
Filly,5
Film,4
Filmy,5
Filth,5
Filthily,8
Filthy,6
Finagling,9
Final,5
Finality,8
Finally,7
Financial,9
Fine,4
Finial,6
Finial ,7
Finite,6
Finito,6
Firing,6
Firm,4
Firming,7
Firmly,6
Fitly,5
Fitted,6
Fitting,7
Fivefold,8
Fixable,7
Fixate,6
Fixated,7
Fixed,5
Flab,4
Flabby,6
Flack,5
Flag,4
Flagging,8
Flail,5
Flailing,8
Flair,5
Flak,4
Flake,5
Flaked,6
Flan,4
Flanging,8
Flank,5
Flanked,7
Flat,4
Flatfeet,8
Flatfoot,8
Flatlining,10
Flatly,6
Flauta,6
Flavor,6
Flavorful,9
Flay,4
Flea,4
Fled,4
Fledge,6
Fledged,7
Flee,4
Fleece,6
Fleet,5
Flew,4
Flexible,8
Flexion,7
Flight,6
Flighty,7
Flimflam,8
Fling,5
Flinging,8
Flint,5
Flit,4
Flitting,8
Float,5
Floe,4
Flog,4
Flogging,8
Flood,5
Flooded,7
Flooding,8
Floor,5
Flora,5
Floral,6
Florid,6
Floridly,8
Flounce,7
Flour,5
Flow,4
Flowed,6
Flub,4
Flubbed,7
Fluctuate,9
Flue,4
Fluff,5
Fluffed,7
Fluid,5
Flung,5
Flute,5
Flyby,5
Foal,4
Fobbed,6
Focaccia,8
Foci,4
Fogging,7
Foible,6
Foil,4
Foiled,6
Foiling,7
Folate,6
Fold,4
Folded,6
Folding,7
Folic,5
Folio,5
Folk,4
Folktale,8
Follow,6
Followed,8
Fond,4
Fondling,8
Fondue,6
Font,4
Fontina,7
Food,4
Foodie,6
Foofaraw,8
Fool,4
Fooled,6
Fooling,7
Foot,4
Footed,6
Footfall,8
Footie,6
Footman,7
Fora,4
Forcing,7
Ford,4
Forging,7
Forgo,5
Forgoing,8
Form,4
Formal,6
Formic,6
Formula,7
Forum,5
Foul,4
Fouled,6
Found,5
Founded,7
Four,4
Fowl,4
Frag,4
Frail,5
Frailly,7
Framing,7
Franc,5
Frantic,7
Frat,4
Fratty,6
Fray,4
Friar,5
Friary,6
Frill,5
Frilly,6
Fringing,8
Frittata,8
Frog,4
From,4
Front,5
Frontman,8
Froufrou,8
Frug,4
Fuddle,6
Fuddled,7
Fudge,5
Fudged,6
Fuel,4
Fueled,6
Fugu,4
Fugue,5
Fulfill,7
Fulfilled,9
Full,4
Fume,4
Fumed,5
Fund,4
Funded,6
Fungi,5
Furl,4
Furor,5
Gabbed,6
Gabbing,7
Gabbling,8
Gabby,5
Gadded,6
Gadding,7
Gaff,4
Gaga,4
Gage,4
Gagged,6
Gagging,7
Gaggle,6
Gaiety,6
Gaily,5
Gain,4
Gaining,7
Gainly,6
Gait,4
Gala,4
Galangal,8
Gale,4
Galette,7
Gall,4
Gallant,7
Galled,6
Galleon,7
Galley,6
Galling,7
Gallivant,9
Gallivanting,12
Gallon,6
Galoot,6
Galumph,7
Game,4
Gamed,5
Gamete,6
Gamin,5
Gamine,6
Gaming,6
Gamma,5
Gamut,5
Gamy,4
Ganache,7
Gang,4
Ganged,6
Ganging,7
Gangland,8
Ganglia,7
Gangling,8
Ganglion,8
Gangly,6
Ganja,5
Gannet,6
Gaping,6
Garb,4
Garbing,7
Garbling,8
Gargantuan,10
Gate,4
Gateau,6
Gating,6
Gator,5
Gaudy,5
Gauge,5
Gauging,7
Gaunt,5
Gauntlet,8
Gavage,6
Gave,4
Gavel,5
Gavotte,7
Gawk,4
Gawking,7
Gawp,4
Gawping,7
Gayety,6
Gayly,5
Gaze,4
Gazelle,7
Gazillion,9
Gazing,6
Geek,4
Geeking,7
Geez,4
Gelati,6
Geld,4
Gelded,6
Gelee,5
Gelid,5
Gelle,5
Gelled,6
Gelling,7
Gelt,4
Gemology,8
Gene,4
Genealogy,9
Genetic,7
Genie,5
Genii,5
Genome,6
Genotype,8
Gent,4
Gentlemen,9
Genuine,7
Geode,5
Geoid,5
Geology,7
Geotag,6
Getting,7
Ghee,4
Ghetto,6
Ghoul,5
Giant,5
Gibbon,6
Gibed,5
Gibing,6
Giddily,7
Giddy,5
Gift,4
Gifting,7
Gigantic,8
Gigged,6
Gigging,7
Giggle,6
Giggled,7
Giggling,8
Giggly,6
Gigolo,6
Gigue,5
Gild,4
Gilded,6
Gilding,7
Gill,4
Gilled,6
Gilling,7
Gilt,4
Gimlet,6
Gimme,5
Gimp,4
Ginkgo,6
Ginned,6
Ginning,7
Gird,4
Girding,7
Girl,4
Girly,5
Girt,4
Girth,5
Give,4
Given,5
Giving,6
Glacial,7
Glacially,9
Glaciology,10
Glad,4
Gladden,7
Gladdened,9
Glade,5
Gladhand,8
Gladhanding,11
Gladly,6
Glam,4
Glamor,6
Glancing,8
Gland,5
Glaze,5
Glazing,7
Gleam,5
Gleamed,7
Glean,5
Gleaned,7
Glee,4
Gleeful,7
Glen,4
Glia,4
Glib,4
Glide,5
Glided,6
Gliding,7
Glint,5
Glinting,8
Glitz,5
Gloat,5
Glob,4
Global,6
Globe,5
Gloop,5
Glop,4
Glopping,8
Glory,5
Glottal,7
Glove,5
Glue,4
Glued,5
Glug,4
Glugged,7
Glugging,8
Gluing,6
Glut,4
Glute,5
Gluteal,7
Gluten,6
Glutted,7
Gnat,4
Gnawing,7
Gnocchi,7
Gnome,5
Gnomon,6
Goad,4
Goading,7
Goal,4
Goat,4
Goatee,6
Gobble,6
Gobbled,7
Gobbling,8
Goblin,6
Godchild,8
Goggle,6
Goggled,7
Goggling,8
Goggly,6
Going,5
Gold,4
Golden,6
Golem,5
Golf,4
Golfing,7
Golly,5
Gonad,5
Gone,4
Gong,4
Gonged,6
Gonging,7
Gonna,5
Gonzo,5
Good,4
Goodie,6
Gooey,5
Goof,4
Goofing,7
Google,6
Googled,7
Googling,8
Googly,6
Googol,6
Goon,4
Goony,5
Goop,4
Gorging,7
Gorgon,6
Goring,6
Gorp,4
Gory,4
Goth,4
Gotta,5
Gotten,6
Gouging,7
Gourd,5
Gout,4
Gown,4
Gowning,7
Grab,4
Grabbing,8
Grabby,6
Gracing,7
Graffiti,8
Graft,5
Grail,5
Grain,5
Graining,8
Gram,4
Gramma,6
Grammar,7
Grammarian,10
Gran,4
Grandpa,7
Grandpapa,9
Grandpop,8
Grant,5
Grantor,7
Graph,5
Graphic,7
Grappa,6
Gratify,7
Gravitating,11
Gray,4
Grid,4
Gridiron,8
Griffin,7
Griffon,7
Grill,5
Grilling,8
Grim,4
Grin,4
Grind,5
Grinding,8
Grinning,8
Grip,4
Griping,7
Gripping,8
Grit,4
Grittily,8
Gritty,6
Groan,5
Groat,5
Grog,4
Groggily,8
Groggy,6
Groin,5
Groom,5
Grooming,8
Groovy,6
Grotto,6
Ground,6
Groundout,9
Group,5
Grouping,8
Grout,5
Grow,4
Growing,7
Grown,5
Growth,6
Grub,4
Grubby,6
Gruff,5
Grunt,5
Guano,5
Guar,4
Guarantor,9
Guff,4
Guffawing,9
Guide,5
Guided,6
Guild,5
Guile,5
Guilt,5
Guilted,7
Guiltily,8
Guilty,6
Gulag,5
Gulf,4
Gull,4
Gulled,6
Gullet,6
Gulling,7
Gully,5
Gumming,7
Gunk,4
Gunman,6
Gunmen,6
Gunned,6
Gunning,7
Gurgling,8
Guru,4
Gutted,6
Gyro,4
Habit,5
Habitable,9
Habitat,7
Habitation,10
Hacienda ,9
Hack,4
Hacked,6
Hackle,6
Haggle,6
Haggling,8
Hail,4
Hailing,7
Hair,4
Haka,4
Hake,4
Halal,5
Halcyon,7
Hale,4
Halite,6
Hall,4
Halo,4
Halogen,7
Halt,4
Hamachi,7
Hamate ,7
Hammed,6
Hand,4
Handed,6
Handheld,8
Handing,7
Handle,6
Handled,7
Handling,8
Hang,4
Hanged,6
Hanging,7
Hangnail,8
Hank,4
Happen,6
Happened,8
Happy,5
Haptic,6
Haram,5
Hardhat,7
Hardtack,8
Haricot ,8
Harm,4
Harp,4
Harry,5
Hart,4
Hatch,5
Hatchet,7
Hate,4
Hateable,8
Hath,4
Hatha ,6
Hatrack,7
Haul,4
Hauling,7
Haunch,6
Haunt,5
Hawed,5
Hawthorn,8
Hayfork,7
Head,4
Headache ,9
Headed,6
Headland,8
Headpiece,9
Headpin ,8
Heal,4
Healable,8
Healed,6
Health,6
Heap,4
Heaped,6
Heat,4
Heatable,8
Heath ,6
Heathen,7
Heck,4
Heckle,6
Heckled,7
Hectic,6
Hedge,5
Hedged,6
Hedging,7
Heed,4
Heeded,6
Heeding,7
Heehaw,6
Heehawed,8
Heel,4
Heeled,6
Hegemon,7
Hegemony,8
Height,6
Heinie,6
Held,4
Heliacal,8
Helical,7
Hell,4
Hellcat,7
Hellhole,8
Hellion,7
Hello,5
Helm,4
Helmed,6
Help,4
Hematite,8
Heme,4
Hemmed,6
Hence,5
Henchman,8
Henge,5
Henna,5
Hennaed,7
Hepatic,7
Hepcat,6
Heptane,7
Hewed,5
Hewing,6
Hewn,4
Hiatal ,7
Hiccough,8
Hiccoughing,11
Hiccuped,8
Hiccupped,9
Hick,4
Hidden,6
Hide,4
Hiding,6
High,4
Highchair,9
Highland,8
Highlight,9
Highlighted,11
Highlighting,12
Highly,6
Hike,4
Hiked,5
Hill,4
Hilled,6
Hilling,7
Hilly,5
Hilt,4
Hind,4
Hinge,5
Hinged,6
Hinging,7
Hint,4
Hippie,6
Hippo,5
Hippy,5
Hitch,5
Hitched,7
Hittable,8
Hive,4
Hived,5
Hiving,6
Hoar,4
Hoary,5
Hobbit,6
Hobnob,6
Hobo,4
Hobos,5
Hock,4
Hocking,7
Hoed,4
Hoedown,7
Hogging,7
Hold,4
Hole,4
Holiday,7
Holly,5
Hologram,8
Holt,4
Holy,4
Home,4
Homey,5
Homing,6
Hominid,7
Hominoid,8
Homogeny,8
Homonym,7
Homonymy,8
Honcho,6
Hone,4
Honed,5
Honey,5
Honeybee,8
Honeybun,8
Honeydew,8
Honeyed,7
Honeymoon,9
Honeymooned,11
Honing,6
Honk,4
Honking,7
Honor,5
Hooch,5
Hood,4
Hooded,6
Hoodie,6
Hooding,7
Hoodoo,6
Hooey,5
Hook,4
Hooking,7
Hooky,5
Hoop,4
Hooped,6
Hoopoe,6
Hoorah,6
Hooray,6
Hoot,4
Hooted,6
Hope,4
Hoped,5
Hopped,6
Hora,4
Horn,4
Horologic,9
Horror,6
Hotdog,6
Hotdogging,10
Hotel,5
Hothead,7
Hotheaded,9
Hotly,5
Hotpot,6
Hottie,6
Hour,4
Hourlong,8
Howdah,6
Howdy,5
Huddle,6
Huddled,7
Hued,4
Huge,4
Hugged,6
Hugging,7
Hula,4
Hull,4
Hulled,6
Hulling,7
Humid,5
Humidified,10
Hump,4
Humph,5
Hunch,5
Hunched,7
Hung,4
Hunt,4
Hurl,4
Hurrah ,7
Hurt,4
Hutch,5
Hymen,5
Hymn,4
Hype,4
Hyphen,6
Iamb,4
Iambi,5
Ibex,4
Iced,4
Icefall,7
Iceman,6
Icemen,6
Ichor,5
Icicle,6
Icily,5
Icing,5
Icon,4
Iconic,6
Idea,4
Ideate,6
Ideated,7
Idiocy,6
Idiom,5
Idiot,5
Idiotic,7
Idle,4
Idled,5
Idling,6
Idly,4
Idol,4
Idyl,4
Idyll,5
Idyllic,7
Idyllically,11
Iffy,4
Igloo,5
Ignite,6
Igniting,8
Ignition,8
Ignoring,8
Iguana,6
Iliac,5
Ilium,5
Illegal,7
Illegality,10
Illegally,9
Illicit,7
Illicitly,9
Illogic,7
Illogical,9
Illogically,11
Illuminati,10
Illy,4
Image,5
Imagine,7
Imaging,7
Imagining,9
Imam,4
Imbibe,6
Imbibing,8
Imbuing,7
Imitate,7
Imitated,8
Imitation,9
Immediacy,9
Immediate,9
Imminence,9
Imminent,8
Imminently,10
Immobile,8
Immobilize,10
Immoral,7
Immune ,7
Immunize,8
Immunized,9
Impala,6
Impede,6
Impeded,7
Impediment,10
Impeding,8
Impend,6
Impended,8
Impending,9
Impenitent,10
Impinge,7
Impinged,8
Impinging,9
Impugn,6
Impugning,9
Inaction,8
Inactivating,12
Inactivity,10
Inalienable,11
Inane,5
Inanimate,9
Inanity,7
Inapt,5
Inborn,6
Inbuilt,7
Incant,6
Incantation,11
Incanting,9
Inch,4
Inched,6
Inching,7
Incidence,9
Incipience,10
Incipient,9
Incite,6
Incitement,10
Inciting,8
Inclemency,10
Inclement,9
Incline,7
Inclined,8
Inclining,9
Include,7
Included,8
Incontinence,12
Incontinent,11
Incur,5
Incurring,9
Indeed,6
Independence,12
Independent,11
Index,5
Indexed,7
Indica,6
Indicating,10
Indicia,7
Indict,6
Indicting,9
Indie,5
Indigo,6
Indium,6
Individual,10
Indoor,6
Inefficient,11
Inept,5
Ineptly,7
Inexact,7
Infallibly,10
Infant,6
Infantility,11
Infect,6
Infecting,9
Infill,6
Infilling,9
Infinite,8
Infirm,6
Infirming,9
Infix,5
Inflating,9
Infliction,10
Info,4
Infract,7
Infringing,10
Ingenue,7
Ingenuity,9
Ingot,5
Ingrain,7
Ingraining,10
Ingrown,7
Inhabit,7
Inhabitant,10
Inhabitation,12
Inhalant,8
Inhalation,10
Inhale,6
Inhaling,8
Inhibit,7
Inhibition,10
Inhibitor,9
Initial,7
Initialing,10
Initializing,12
Initially,9
Initiate,8
Initiating,10
Initiation,10
Initiator,9
Injection,9
Inking,6
Inkling,7
Inlaid,6
Inland,6
Inlay,5
Inlaying,8
Inlet,5
Inmate,6
Innate,6
Innie,5
Inning,6
Innocence,9
Innocent,8
Innovation,10
Innovational,12
Input,5
Inroad,6
Intact,6
Intel,5
Intellect,9
Intent,6
Intention,9
Intentioned,11
Intently,8
Intimacy,8
Intimate,8
Intimation,10
Into,4
Intonation,10
Intone,6
Intoned,7
Intoning,8
Intoxicant,10
Intoxication,12
Intricacy,9
Intro,5
Intuit,6
Intuition,9
Inundating,10
Inuring,7
Inurn,5
Inurning,8
Inutile,7
Invalid,7
Invalidly,9
Invariant,9
Invariant ,10
Inveigle,8
Inveigled,9
Inveigling,10
Invention,9
Invincible,10
Invitation,10
Invitational,12
Inviting,8
Invoke,6
Invoking,8
Iodide,6
Iodine,6
Ionic,5
Ionization,10
Ionize,6
Ionizing,8
Iota,4
Ipecac,6
Iron,4
Ironic,6
Ironing,7
Ironman,7
Ironwood,8
Irritability,12
Irritably,9
Irritant,8
Irritation,10
Irrupt,6
Italic,6
Italicize,9
Itch,4
Itched,6
Item,4
Itemize,7
Itty,4
Ivied,5
Jagging,7
Jamming,7
Janitor,7
Jean,4
Jellybean,9
Jenny,5
Jete,4
Jetted,6
Jobbed,6
Jocular,7
Join,4
Joint,5
Jotted,6
Juror,5
Kabob,5
Kaboom,6
Kale,4
Karat,5
Karma,5
Karmic,6
Kart,4
Katana,6
Kayak,5
Kayaking,8
Kayaks,6
Kays,4
Kebab,5
Keel,4
Keeled,6
Keen,4
Keened,6
Keening,7
Keloid,6
Kelp,4
Kelpie,6
Kendo,5
Kennel,6
Kenneled,8
Keno,4
Kente,5
Khan,4
Kibble,6
Kick,4
Kickback,8
Kickball,8
Kicking,7
Kidded,6
Kiddie,6
Kiddo,5
Kill,4
Killed,6
Killing,7
Kiln,4
Kilo,4
Kilt,4
Kimchi,6
Kind,4
King,4
Kinging,7
Kink,4
Kinking,7
Kite,4
Kiting,6
Kiwi,4
Knack,5
Knead,5
Kneaded,7
Knee,4
Kneed,5
Kneeing,7
Kneel,5
Kneeled,7
Knell,5
Knelled,7
Knew,4
Knickknack,10
Knit,4
Knitting,8
Knob,4
Knock,5
Knocked,7
Knocking,8
Knoll,5
Knot,4
Knotting,8
Know,4
Known,5
Knuckle,7
Knuckled,8
Knurl,5
Koala,5
Koan,4
Kola,4
Kook,4
Kooky,5
Korma,5
Krill,5
Krona,5
Kudu,4
Label,5
Labia,5
Labial,6
Labializing,11
Labile,6
Lability,8
Labor,5
Lace,4
Laced,5
Lacing,6
Lack,4
Lacked,6
Lacking,7
Lactate,7
Lacteal,7
Lactic,6
Lacuna,6
Lacy,4
Lade,4
Laded,5
Laden,5
Lading,6
Ladle,5
Ladled,6
Ladling,7
Lady,4
Ladybug,7
Lagged,6
Lagging,7
Laggy,5
Lagoon,6
Laic,4
Laical,6
Laicize,7
Laid,4
Lain,4
Lair,4
Laity,5
Lake,4
Lallygag,8
Lallygagging,12
Lama,4
Lame,4
Lamed,5
Lamely,6
Lamina,6
Laminal,7
Lamp,4
Lanai,5
Lance,5
Lanced,6
Lancing,7
Land,4
Landed,6
Landing,7
Landlady,8
Landlord,8
Lane,4
Language,8
Lank,4
Lanolin,7
Lantana,7
Lapboard,8
Lapel,5
Lard,4
Largo,5
Lariat,6
Lark,4
Larva,5
Larval,6
Latch,5
Late,4
Laten,5
Latent,6
Latex,5
Lath,4
Lathe,5
Latte,5
Lattice,7
Laud,4
Laudably,8
Lauded,6
Laugh,5
Laughing,8
Launch,6
Lava,4
Lavage,6
Lave,4
Laving,6
Laying,6
Laypeople,9
Laze,4
Lazed,5
Lazing,6
Lazy,4
Leach,5
Leached,7
Lead,4
Leaded,6
Leaden,6
Leadenly,8
Leaf,4
Leaflet,7
League,6
Leak,4
Leaked,6
Lean,4
Leaned,6
Leanly,6
Leant,5
Leap,4
Leave,5
Lech,4
Lede,4
Ledge,5
Leech,5
Leeched,7
Leek,4
Left,4
Legal,5
Legality,8
Legalize,8
Legalizing,10
Legally,7
Legate,6
Legatee,7
Legend,6
Legged,6
Legging,7
Leggy,5
Legion,6
Legit,5
Lemma,5
Lemming,7
Lemon,5
Lend,4
Lenience,8
Leniency,8
Lenient,7
Leniently,9
Lenity,6
Lent,4
Lentil,6
Lento,5
Leonine,7
Letdown,7
Lethal,6
Lettuce,7
Letup,5
Levee,5
Level,5
Leveled,7
Leveling,8
Levelly,7
Levied,6
Levitate,8
Levy,4
Lewd,4
Liability,9
Liable,6
Liar,4
Libel,5
Libelee,7
Libidinal,9
Librarian,9
Library,7
Lice,4
Licit,5
Licitly,7
Lick,4
Licked,6
Licking,7
Lidded,6
Lied,4
Liege,5
Lien,4
Lieu,4
Life,4
Lifeline,8
Lifelong,8
Lift,4
Lifting,7
Liftoff,7
Ligate,6
Ligating,8
Light,5
Lighted,7
Lighting,8
Lightly,7
Lightning,9
Likable,7
Like,4
Likeable,8
Liked,5
Likelihood,10
Likely,6
Liking,6
Lilac,5
Lilliputian,11
Lilt,4
Lilted,6
Lilting,7
Lily,4
Lima,4
Limb,4
Limbo,5
Lime,4
Liminal,7
Limit,5
Limiting,8
Limn,4
Limned,6
Limning,7
Limo,4
Limp,4
Limpid,6
Limping,7
Linden,6
Line,4
Lineal,6
Linealy,7
Lined,5
Linemen,7
Linen,5
Lineup,6
Lingo,5
Linguini,8
Liniment,8
Lining,6
Link,4
Linking,7
Linnet,6
Lint,4
Lintel,6
Linty,5
Lion,4
Lipid,5
Lipo,4
Lipoma,6
Lipped,6
Lipping,7
Lippy,5
Lira,4
Litany,6
Lite,4
Lithe,5
Litho,5
Litigant,8
Litigate,8
Litigating,10
Little,6
Liturgy,7
Livable,7
Live,4
Liveable,8
Lived,5
Lively,6
Liven,5
Livened,7
Livening,8
Livid,5
Lividly,7
Living,6
Lizard,6
Llama,5
Llano,5
Loach,5
Load,4
Loaf,4
Loam,4
Loamy,5
Loan,4
Loaning,7
Loath,5
Loathe,6
Lobbing,7
Lobe,4
Lobo,4
Lobos,5
Lobs,4
Local,5
Locale,6
Locally,7
Locator,7
Loch,4
Loci,4
Lock,4
Lockable,8
Locked,6
Loco,4
Locution,8
Lode,4
Lodge,5
Lodged,6
Lodging,7
Loft,4
Loge,4
Logged,6
Loggia,6
Logging,7
Logic,5
Logical,7
Logically,9
Login,5
Logo,4
Logogram,8
Logophile,9
Logroll,7
Logy,4
Loin,4
Loll,4
Lolled,6
Lolling,7
Lollipop,8
Lollop,6
Lolloping,9
Lone,4
Lonely,6
Long,4
Longan,6
Longed,6
Longhorn,8
Longing,7
Loofa,5
Look,4
Lookbook,8
Lookbooks,9
Looked,6
Lookout,7
Loom,4
Loon,4
Loonie,6
Loony,5
Loop,4
Loophole,8
Looping,7
Loopy,5
Loot,4
Lope,4
Loping,6
Lopping,7
Lord,4
Lordly,6
Lordy,5
Lorry,5
Lotion,6
Lotto,5
Louche,6
Loud,4
Louden,6
Loudened,8
Loudly,6
Loupe,5
Lout,4
Lovage,6
Love,4
Loved,5
Lowdown,7
Lowed,5
Loyal,5
Loyally,7
Loyalty,7
Luau,4
Lube,4
Lucid,5
Lucidly,7
Luck,4
Lucked,6
Luff,4
Luge,4
Luged,5
Luggage,7
Lugged,6
Lugging,7
Luging,6
Lull,4
Lullaby,7
Lulled,6
Lulling,7
Lulu,4
Lumen,5
Lump,4
Lumped,6
Luna,4
Lunate,6
Lunatic,7
Lunch,5
Lunched,7
Luncheon,8
Lune,4
Lunette,7
Lung,4
Lunge,5
Lunged,6
Lungful,7
Lunging,7
Lunk,4
Lunula,6
Lunulae,7
Lupine,6
Luring,6
Lurk,4
Lurking,7
Lute,4
Luteal,6
Lying,5
Lyric,5
Lyrical,7
Lyrically,9
Macadam,7
Macadamia,9
Macaron,7
Macaroon,8
Mace,4
Maced,5
Machete,7
Macing,6
Macro,5
Macron,6
Madam,5
Madame,6
Made,4
Madman,6
Madwoman,8
Mafia,5
Magazine,8
Mage,4
Magenta,7
Maggot,6
Magi,4
Magic,5
Magical,7
Magically,9
Magician,8
Magma,5
Magnate,7
Magnet,6
Magnum,6
Mahatma,7
Mahimahi,8
Maid,4
Mail,4
Maillot,7
Mailman,7
Maim,4
Maimed,6
Maiming,7
Main,4
Mainland,8
Mainline,8
Maintain,8
Maize,5
Maki,4
Mako,4
Malamute,8
Male,4
Malefic,7
Malic,5
Malice,6
Mall,4
Mallet,6
Malt,4
Mama,4
Mamba,5
Mambo,5
Mamma,5
Mammal,6
Mammalian,9
Mammogram,9
Mammon,6
Manage,6
Managed,7
Management,10
Managing,8
Manatee,7
Mandala,7
Mandarin,8
Mandolin,8
Mane,4
Manga,5
Mange,5
Mangle,6
Mangled,7
Mango,5
Manhandle,9
Manhandled,10
Manhood,7
Mania,5
Maniac,6
Manic,5
Manicotti,9
Manila,6
Manna,5
Manning,7
Manor,5
Manorial,8
Manta,5
Mantilla,8
Mantra,6
Manual,6
Manumit,7
Many,4
Manzanita,9
Mapping,7
Maraca,6
Margin,6
Marijuana,9
Marimba,7
Marina,6
Marinara,8
Mark,4
Marlin,6
Marm,4
Marmot,6
Maroon,6
Marring,7
Mart,4
Martin,6
Martini,7
Match,5
Matcha,6
Matched,7
Matchup,7
Mate,4
Mated,5
Matey,5
Math,4
Mathematic,10
Matinee,7
Matron,6
Matte,5
Matted,6
Matutinal,9
Maul,4
Maven,5
Mayday,6
Mayfly,6
Mayo,4
Maypole,7
Maze,4
Mead,4
Meal,4
Mealy,5
Mean,4
Meanie,6
Meaning,7
Meant,5
Meantime,8
Meany,5
Meat,4
Meathead,8
Meaty,5
Mecca,5
Medal,5
Medaled,7
Meddle,6
Meddled,7
Media,5
Mediate,7
Mediated,8
Meditate,8
Meditated,9
Medium,6
Meet,4
Meeting,7
Mega,4
Megadeal,8
Megahit,7
Megaton,7
Melange,7
Meld,4
Melded,6
Melee,5
Melodion,8
Melon,5
Melt,4
Melting,7
Melty,5
Meme,4
Memed,5
Memento,7
Memetic,7
Meming,6
Memo,4
Menace,6
Menacing,8
Mend,4
Mended,6
Mending,7
Mentee,6
Mention,7
Mentioning,10
Menu,4
Meta,4
Metadata,8
Metal,5
Mete,4
Meted,5
Meth,4
Meting,6
Mettle,6
Mewl,4
Mewled,6
Mezzanine,9
Mezzo,5
Mica,4
Mice,4
Micro,5
Microcrack,10
Microform,9
Micromini,9
Micron,6
Midair,6
Midbrain,8
Midday,6
Middle,6
Middlemen,9
Middling,8
Midge,5
Midi,4
Midland,7
Midline,7
Midmonth,8
Midrib,6
Mien,4
Miff,4
Miffed,6
Miffing,7
Might,5
Mignonette,10
Mike,4
Mild,4
Mildew,6
Mildewed,8
Mile,4
Milieu,6
Militant,8
Militia,7
Militiaman,10
Milk,4
Mill,4
Milled,6
Millet,6
Milling,7
Million,7
Millionth,9
Mime,4
Mimed,5
Mimeo,5
Mimetic,7
Mimic,5
Miming,6
Mince,5
Mincing,7
Mind,4
Minded,6
Minding,7
Mine,4
Mined,5
Mingle,6
Mingling,8
Mini,4
Minibar,7
Minicam,7
Minicamp,8
Minim,5
Minima,6
Minimal,7
Minimization,12
Minimize,8
Minimized,9
Minimum,7
Mining,6
Minion,6
Minivan,7
Mink,4
Minor,5
Minoring,8
Mint,4
Minting,7
Minty,5
Minutia,7
Mirin,5
Miring,6
Mirror,6
Mirroring,9
Mite,4
Mitigate,8
Mitt,4
Mitten,6
Mizzen,6
Moan,4
Moat,4
Mobile,6
Mobilize,8
Mocha,5
Mochi,5
Mock,4
Moil,4
Molar,5
Mole,4
Moll,4
Molly,5
Molt,4
Molten,6
Moment,6
Momentum,8
Momma,5
Mommy,5
Monad,5
Monatomic,9
Mondo,5
Monetize,8
Money,5
Moneyed,7
Moneymen,8
Monk,4
Mono,4
Monocrat,8
Monolith,8
Monomania,9
Monomaniac,10
Monomial,8
Mononym,7
Monotone,8
Monotony,8
Montage,7
Monte,5
Month,5
Monument,8
Mooch,5
Mooching,8
Mood,4
Moody,5
Mooing,6
Moola,5
Moolah,6
Moon,4
Mooned,6
Mooning,7
Moonlit,7
Moonroof,8
Moony,5
Moor,4
Mooring,7
Moot,4
Mooting,7
Mopey,5
Moral,5
Morn,4
Morning,7
Morocco,7
Moron,5
Moronic,7
Mortar,6
Mote,4
Motel,5
Motet,5
Moth,4
Motion,6
Motioning,9
Motivation,10
Motley,6
Motor,5
Motorcar,8
Mottle,6
Motto,5
Moue,4
Mound,5
Mount,5
Mourn,5
Mourning,8
Move,4
Moved,5
Movie,5
Mown,4
Much,4
Mucho,5
Muddied,7
Muff,4
Muffed,6
Mugging,7
Mule,4
Mull,4
Mullah,6
Mullet,6
Multilevel,10
Mumble,6
Mummified,9
Munchkin,8
Mung,4
Munition,8
Mural,5
Murmur,6
Murmuring,9
Mutagen,7
Mutant,6
Mutate,6
Mute,4
Mutt,4
Mutton,6
Mutual,6
Muumuu,6
Myalgia,7
Myalgic,7
Myelin,6
Myeloma,7
Myna,4
Myope,5
Naan,4
Nabbing,7
Nabob,5
Nacelle,7
Nacho,5
Nada,4
Nadir,5
Nagged,6
Nagging,7
Naggy,5
Naiad,5
Naif,4
Nail,4
Nailing,7
Naively,7
Naked,5
Name,4
Namecheck,9
Namely,6
Nametag,7
Nametape,8
Naming,6
Nana,4
Nankeen,7
Nannied,7
Nanny,5
Nannying,8
Nanobot,7
Nape,4
Napping,7
Narc,4
Narco,5
Narration,9
Narrator,8
Narrow,6
Nary,4
Natal,5
Natality,8
Natant,6
Nation,6
National,8
Nativity,8
Nattily,7
Natty,5
Nautical,8
Nautili,7
Naval,5
Nave,4
Navigating,10
Navy,4
Neap,4
Neat,4
Neaten,6
Neath,5
Neatly,6
Nebula,6
Nebulae,7
Neck,4
Necked,6
Need,4
Needed,6
Needing,7
Needle,6
Needled,7
Needy,5
Negate,6
Negligee,8
Negligence,10
Neigh,5
Neighed,7
Neighing,8
Nene,4
Neocon,6
Neon,4
Neonate,7
Netted,6
Netting,7
Nettle,6
Nettled,7
Netty,5
Newel,5
Newt,4
Newton,6
Next,4
Niacin,6
Nibble,6
Nibbling,8
Nice,4
Nicely,6
Nicety,6
Niche,5
Nick,4
Nicking,7
Nicotine,8
Niece,5
Niggle,6
Niggling,8
Nigh,4
Nightlight,10
Nigiri,6
Nimbi,5
Nincompoop,10
Nine,4
Ninepin,7
Nineteen,8
Nineteenth,10
Ninetieth,9
Ninety,6
Ninja,5
Ninny,5
Ninth,5
Nipped,6
Nipping,7
Nipple,6
Nippy,5
Nirvana,7
Nite,4
Nitric,6
Nitro,5
Nitwit,6
Nixed,5
Nixing,6
Noble,5
Noblemen,8
Nock,4
Nocked,6
Nocking,7
Nodal,5
Nodded,6
Nodding,7
Node,4
Nodule,6
Noel,4
Noggin,6
Nohow,5
Noir,4
Nomad,5
Nomadic,7
Nominal,7
Nomination,10
Nominee,7
Nonagon,7
Nonagonal,9
Nonart,6
Nonbelief,9
Nonbinding,10
Nonce,5
Nonchalance,11
Noncom,6
Noncombatant,12
Nondairy,8
None,4
Nonet,5
Nonevent,8
Nonfat,6
Nonfiction,10
Nonillion,9
Nonlocal,8
Nontoxic,8
Nonunion,8
Nonword,7
Noob,4
Noodle,6
Noodled,7
Noodling,8
Noogie,6
Nook,4
Noon,4
Noonday,7
Nope,4
Nori,4
Norm,4
Normal,6
North,5
Notate,6
Notation,8
Notational,10
Notator,7
Note,4
Noted,5
Notice,6
Notification,12
Noting,6
Notion,6
Notional,8
Nougat,6
Nought,6
Noun,4
Nouvelle,8
Nova,4
Novation,8
Novel,5
Novelette,9
Nuance,6
Nuanced,7
Nubbin,6
Nubble,6
Nubby,5
Nubile,6
Nuclei,6
Nucleic,7
Nucleon,7
Nude,4
Nudge,5
Nudged,6
Nudie,5
Nugget,6
Nuke,4
Nuked,5
Nuking,6
Null,4
Numb,4
Numbing,7
Nuncio,6
Nuptial,7
Nutmeg,6
Nutty,5
Nylon,5
Oaken,5
Oaky,4
Oarlock,7
Oaten,5
Oath,4
Oaty,4
Obeyed,6
Obit,4
Object,6
Objected,8
Obliging,8
Oblong,6
Oboe,4
Obtain,6
Occupant,8
Occur,5
Ocean,5
Octagon,7
Octal,5
Octane,6
Octant,6
Octave,6
Octet,5
Octillion,9
Octopi,6
Ocular,6
Oculi,5
Oddball,7
Oddity,6
Oddly,5
Odeon,5
Odor,4
Oenophile,9
Offal,5
Offed,5
Offend,6
Offended,8
Officiant,9
Officiation,11
Offing,6
Offline,7
Ogee,4
Ogle,4
Ogled,5
Ogling,6
Oilcloth,8
Oiled,5
Oiling,6
Oilman,6
Oily,4
Oink,4
Oinking,7
Ointment,8
Okay,4
Okaying,7
Okra,4
Olden,5
Oldie,5
Oleic,5
Oleo,4
Olio,4
Olive,5
Ollie,5
Omega,5
Omelet,6
Omelette,8
Omen,4
Omicron,7
Omit,4
Omitting,8
Once,4
Onetime,7
Ongoing,7
Onion,5
Oniony,6
Onlay,5
Online,6
Only,4
Onto,4
Oolong,6
Ooze,4
Oozing,6
Opal,4
Open,4
Opened,6
Opine,5
Opining,7
Opinion,7
Opioid,6
Opponent,8
Oppugn,6
Oppugning,9
Opted,5
Optic,5
Optima,6
Optimal,7
Opting,6
Option,6
Optioning,9
Opulent,7
Oracular,8
Oral,4
Orally,6
Orange,6
Orangutan,9
Oration,7
Orator,6
Oratorio,8
Oratory,7
Orbit,5
Orca,4
Ordain,6
Ordinal,7
Ordinary,8
Organ,5
Orgy,4
Origin,6
Orotund,7
Orthotic,8
Otology,7
Ottoman,7
Ouch,4
Ought,5
Ounce,5
Outboard,8
Outcry,6
Outdo,5
Outdoor,7
Outduel,7
Outduelled,10
Outed,5
Outgo,5
Outgoing,8
Outgrow,7
Outgrowth,9
Outgun,6
Outgunning,10
Outing,6
Outlaw,6
Outlet,6
Outlook,7
Outman,6
Outpoll,7
Outpolled,9
Output,6
Outro,5
Outrun,6
Outtalk,7
Outthought,10
Outwit,6
Outwitting,10
Oval,4
Ovate,5
Ovation,7
Oven,4
Ovine,5
Ovoid,5
Ovular,6
Ovule,5
Owed,4
Owing,5
Owlet,5
Owned,5
Owning,6
Oxen,4
Oxidizing,9
Ozone,5
Pace,4
Pact,4
Paddy,5
Paean,5
Paella,6
Pagan,5
Paging,6
Pagoda,6
Paid,4
Pail,4
Pain,4
Pained,6
Paining,7
Paint,5
Pair,4
Pairing,7
Palace,6
Palapa,6
Palatal,7
Palatial,8
Pale,4
Palely,6
Paleo,5
Pall,4
Palliative,10
Pallid,6
Pallidly,8
Pallor,6
Palm,4
Palmy,5
Palp,4
Palpable,8
Paltry,6
Pampa,5
Pancetta,8
Panda,5
Pane,4
Panettone,9
Pang,4
Panic,5
Panini,6
Panning,7
Pant,4
Pantheon,8
Papa,4
Papal,5
Papally,7
Papaw,5
Papaya,6
Papilla,7
Papillae,8
Papillon,8
Pappy,5
Papyri,6
Parabola,8
Paradrop,8
Paragon,7
Paragraph,9
Paratha,7
Paratroop,9
Parch,5
Pardon,6
Pariah,6
Paring,6
Parity,6
Parlay,6
Parlor,6
Parol,5
Parrot,6
Parry,5
Part,4
Partita,7
Partly,6
Party,5
Patch,5
Pate,4
Patent,6
Patentee,8
Path,4
Pathetic,8
Patina,6
Patio,5
Patly,5
Patriot,7
Patriotic,9
Patty,5
Pavane,6
Pave,4
Pavement,8
Pavilion,8
Pavlova,7
Pawing,6
Pawn,4
Pawning,7
Pawpaw,6
Paycheck,8
Payday,6
Payee,5
Payola,6
Payroll,7
Peace,5
Peaceable,9
Peach,5
Peachy,6
Peahen,6
Peal,4
Peapod,6
Peat,4
Pebble,6
Pectin,6
Peddle,6
Peddled,7
Pediment,8
Peed,4
Peeing,6
Peel,4
Peelable,8
Peeled,6
Peen,4
Peep,4
Peeped,6
Peephole,8
Peeping,7
Peeve,5
Peeved,6
Peewee,6
Pegged,6
Pegging,7
Pellet,6
Pelleted,8
Pellicle,8
Peloton,7
Pelt,4
Pelted,6
Pence,5
Pencil,6
Penciled,8
Pend,4
Pended,6
Pendent,7
Pending,7
Pendulum,8
Penicillin,10
Penile,6
Penitence,9
Penitent,8
Penitently,10
Penman,6
Penmen,6
Pennant,7
Penne,5
Penned,6
Penning,7
Penny,5
Pent,4
Pentane,7
Penult,6
Peon,4
Peony,5
People,6
Pepita,6
Peplum,6
Pepped,6
Pepping,7
Peppy,5
Peptic,6
Peptide,7
Petit,5
Petite,6
Petted,6
Pettifog,8
Pettily,7
Petty,5
Pewee,5
Pfft,4
Phaeton,7
Phat,4
Phenol,6
Phoenix,7
Phonate,7
Phone,5
Phono,5
Photo,5
Piano,5
Pianola,7
Piazza,6
Pica,4
Piccata,7
Picnic,6
Picot,5
Piddle,6
Piddled,7
Piddling,8
Piddly,6
Pidgin,6
Piece,5
Pieced,6
Pied,4
Piehole,7
Pigged,6
Pigging,7
Piggy,5
Pigpen,6
Pile,4
Piled,5
Pileup,6
Piling,6
Pill,4
Pillar,6
Pilled,6
Pilling,7
Pillion,7
Pillow,6
Pillowing,9
Pilot,5
Piloting,8
Pimp,4
Pimped,6
Pimping,7
Pinata,6
Pine,4
Pined,5
Piney,5
Ping,4
Pinged,6
Pinging,7
Pinhead,7
Pinheaded,9
Pinhole,7
Pining,6
Pinion,6
Pinioning,9
Pink,4
Pinned,6
Pinning,7
Pinniped,8
Pinny,5
Pinot,5
Pint,4
Pintail,7
Pinto,5
Pinup,5
Pipe,4
Piped,5
Pipeline,8
Pipet,5
Pipette,7
Piping,6
Pipit,5
Pippin,6
Piratic,7
Pita,4
Pitapat,7
Pitch,5
Pith,4
Pitied,6
Pitted,6
Pitting,7
Pituitary,9
Pity,4
Pitying,7
Pityingly,9
Pixie,5
Pizazz,6
Pizza,5
Pizzazz,7
Placate,7
Place,5
Placebo,7
Plaid,5
Plain,5
Plaint,6
Plait,5
Plan,4
Plant,5
Plantain,8
Plat,4
Plaudit,7
Play,4
Plea,4
Pleb,4
Plebe,5
Pled,4
Plenty,6
Plenum,6
Pliable,7
Pliant,6
Plie,4
Plied,5
Plod,4
Plop,4
Plopping,8
Plot,4
Plotting,8
Plow,4
Plowing,7
Ploy,4
Plum,4
Plume,5
Plumed,6
Plump,5
Plumped,7
Plying,6
Poet,4
Pogo,4
Pogoing,7
Point,5
Pointing,8
Polar,5
Pole,4
Poling,6
Polio,5
Poll,4
Pollen,6
Polling,7
Polliwog,8
Pollute,7
Polluted,8
Polo,4
Polyp,5
Pomp,4
Pompano,7
Pompom,6
Pond,4
Pone,4
Pong,4
Pongee,6
Pontoon,7
Pony,4
Pooch,5
Pooh,4
Pool,4
Pooling,7
Poop,4
Pooped,6
Pooping,7
Poor,4
Poorly,6
Pope,4
Popgun,6
Poplar,6
Poplin,6
Poppa,5
Popped,6
Poppet,6
Popping,7
Poppy,5
Porch,5
Port,4
Portico,7
Portly,6
Portrait,8
Portray,7
Portrayal,9
Potent,6
Potentate,9
Pothead,7
Potion,6
Potted,6
Potting,7
Potty,5
Poult,5
Pound,5
Pounded,7
Pour,4
Pouring,7
Pout,4
Pouted,6
Powwow,6
Prat,4
Prawn,5
Pray,4
Priapic,7
Priding,7
Prig,4
Prion,5
Prior,5
Priority,8
Priory,6
Proctor,7
Prod,4
Prodding,8
Prong,5
Pronoun,7
Prop,4
Propaganda,10
Propitiatory,12
Protract,8
Protractor,10
Pruning,7
Puce,4
Puddle,6
Puddled,7
Puff,4
Puffed,6
Pule,4
Puled,5
Puli,4
Pull,4
Pulled,6
Pullet,6
Pulley,6
Pullout,7
Pulp,4
Pulped,6
Pulpit,6
Pulpy,5
Puma,4
Pummel,6
Pummeled,8
Pump,4
Pumped,6
Pumping,7
Pumpkin,7
Punned,6
Punning,7
Punt,4
Pupa,4
Pupal,5
Pupil,5
Puppet,6
Puppylike,9
Purging,7
Purity,6
Purloin,7
Purr,4
Purring,7
Putout,6
Putt,4
Putted,6
Putz,4
Pyro,4
Quaalude,8
Quad,4
Quake,5
Quaky,5
Quay,4
Quakes,6
Quays,5
Queasy,6
Rabbi,5
Rabbit,6
Rabid,5
Raccoon,7
Racial,6
Racially,8
Racily,6
Racing,6
Rack,4
Racy,4
Radar,5
Radial,6
Radially,8
Radian,6
Radical,7
Radically,9
Radicchio,9
Radii,5
Radio,5
Radon,5
Raffia,6
Raft,4
Raga,4
Ragbag,6
Ragging,7
Raging,6
Ragout,6
Ragtag,6
Ragu,4
Raid,4
Rail,4
Railbird,8
Railcar,7
Railroad,8
Rain,4
Rainbow,7
Raining,7
Rainy,5
Raita,5
Raja,4
Rally,5
Ramada,6
Ramify,6
Ramming,7
Rancor,6
Rand,4
Rando,5
Randy,5
Rang,4
Ranging,7
Rani,4
Rank,4
Rant,4
Rapid,5
Rapidly,7
Rapini,6
Rapping,7
Rapport,7
Rapt,4
Raptly,6
Raptor,6
Raring,6
Rarity,6
Ratability,10
Ratatat,7
Ratify,6
Ratio,5
Ration,6
Rattail,7
Rattan,6
Rattly,6
Rattrap,7
Ratty,5
Ravaging,8
Raving,6
Rayon,5
Rhino,5
Rhotic,6
Rial,4
Ribald,6
Ribbing,7
Ribbit,6
Ribbon,6
Ribboning,9
Ribby,5
Rich,4
Ricin,5
Ricing,6
Rick,4
Ricotta,7
Ridding,7
Ridging,7
Riding,6
Riff,4
Riffing,7
Riffraff,8
Rift,4
Rigging,7
Right,5
Rigid,5
Rigor,5
Riling,6
Rill,4
Rimming,7
Rind,4
Ring,4
Ringing,7
Rioja,5
Riot,4
Riparian,8
Ripping,7
Ripply,6
Ritual,6
Rival,5
Riyal,5
Roach,5
Road,4
Roadway,7
Roadwork,8
Roam,4
Roan,4
Roar,4
Robbing,7
Robin,5
Robing,6
Robocall,8
Robot,5
Rock,4
Rococo,6
Roil,4
Roll,4
Rollback,8
Rollbar,7
Romcom,6
Rondo,5
Rood,4
Roof,4
Roofing,7
Rook,4
Room,4
Roomful,7
Rooming,7
Root,4
Ropy,4
Rotary,6
Rotation,8
Rotator,7
Rotatory,8
Rotgut,6
Roti,4
Rotor,5
Rototill,8
Rotund,6
Rough,5
Rouging,7
Round,5
Rout,4
Rowan,5
Rowdy,5
Rowing,6
Royal,5
Royally,7
Royalty,7
Ruff,4
Rugby,5
Ruin,4
Ruing,5
Ruining,7
Ruling,6
Rumor,5
Rumoring,8
Rung,4
Runic,5
Running,7
Runout,6
Runt,4
Rural,5
Rutty,5
Sake,4
Sakes,5
Sass,4
Sasses,6
Sassy,5
Says,4
Schoolbook,10
Schoolbooks,11
Seaquake,8
Seaquakes,9
Seas,4
Skua,4
Skuas,5
Slob,4
Sobs,4
Squeak,6
Squeaks,7
Squeaky,7
Tabard,6
Tabby,5
Tabla,5
Table,5
Tablet,6
Taboo,5
Tabor,5
Tacet,5
Tach,4
Tacit,5
Tacitly,7
Tack,4
Taco,4
Tact,4
Tactful,7
Tactic,6
Tactical,8
Tactically,10
Tactician,9
Tactile,7
Tactility,9
Tactual,7
Taffeta,7
Taffy,5
Tagging,7
Tagliatelle,11
Tahini,6
Taiga,5
Tail,4
Tailcoat,8
Tailgate,8
Tailgating,10
Tailing,7
Taillamp,8
Tailpiece,9
Taint,5
Tainting,8
Take,4
Takeback,8
Taken,5
Takeoff,7
Talc,4
Talcum,6
Tale,4
Talent,6
Tali,4
Talk,4
Talkative,9
Talkie,6
Tall,4
Tallit,6
Tallow,6
Tally,5
Talon,5
Tamale,6
Tamari,6
Tamarin,7
Tame,4
Tamed,5
Tamp,4
Tang,4
Tangent,7
Tangling,8
Tango,5
Tank,4
Tanka,5
Tannic,6
Tannin,6
Tanning,7
Tantalizing,11
Tantamount,10
Tantara,7
Tantra,6
Tantric,7
Tapa,4
Tape,4
Tapioca,7
Tapir,5
Taproot,7
Tardy,5
Tariff,6
Tarmac,6
Tarmacadam,10
Tarnation,9
Taro,4
Tarot,5
Tarp,4
Tarragon,8
Tarry,5
Tart,4
Tartan,6
Tartar,6
Tartly,6
Tatami,6
Tatted,6
Tatting,7
Tattle,6
Tattled,7
Tattletale,10
Tattling,8
Tattoo,6
Tattooed,8
Tatty,5
Taught,6
Taunt,5
Taut,4
Tauten,6
Taxa,4
Taxation,8
Taxed,5
Taxi,4
Taxied,6
Teacake,7
Teach,5
Teak,4
Teal,4
Team,4
Teamed,6
Teammate,8
Teapot,6
Teat,4
Teatime,7
Tech,4
Techie,6
Tectonic,8
Teddy,5
Teed,4
Teeing,6
Teem,4
Teemed,6
Teeming,7
Teen,4
Teenage,7
Teeny,5
Teepee,6
Teeth,5
Teethe,6
Teethed,7
Teff,4
Telehealth,10
Teleology,9
Teletext,8
Teletype,8
Telex,5
Telexed,7
Tell,4
Telltale,8
Temp,4
Temped,6
Tempi,5
Tempt,5
Tempted,7
Tenacity,8
Tenancy,7
Tenant,6
Tend,4
Tended,6
Tendon,6
Tenement,8
Tenet,5
Tenon,5
Tenoned,7
Tenpin,6
Tent,4
Tented,6
Tenth,5
Tenting,7
Tenuity,7
Tepee,5
Tepid,5
Text,4
Texted,6
Textual,7
Than,4
Thane,5
That,4
Thatch,6
Thaw,4
Thawed,6
Thee,4
Them,4
Thematic,8
Theme,5
Themed,6
Then,4
Theology,8
Theta,5
They,4
Thigh,5
Thin,4
Thine,5
Third,5
Thong,5
Thoracic,8
Thorn,5
Thorough,8
Thou,4
Though,6
Thought,7
Thrall,6
Thrill,6
Thrilling,9
Throat,6
Throb,5
Through,7
Throughout,10
Throw,5
Thrown,6
Thug,4
Thump,5
Thwart,6
Tiara,5
Tibia,5
Tibiae,6
Tibial,6
Tick,4
Ticket,6
Ticktock,8
Tidal,5
Tidally,7
Tidbit,6
Tide,4
Tided,5
Tidied,6
Tidily,6
Tiding,6
Tidy,4
Tieback,7
Tied,4
Tiepin,6
Tiff,4
Tiffany,7
Tight,5
Tightly,7
Tiki,4
Tikka,5
Tilapia,7
Tilde,5
Tile,4
Tiled,5
Tiling,6
Till,4
Tillage,7
Tilled,6
Tilling,7
Tilt,4
Tilted,6
Tilth,5
Tilting,7
Time,4
Timeline,8
Timely,6
Timid,5
Timidity,8
Timing,6
Tinct,5
Tine,4
Tinfoil,7
Tinge,5
Tingeing,8
Tinging,7
Tingling,8
Tinhorn,7
Tinily,6
Tinning,7
Tinny,5
Tint,4
Tinting,7
Tiny,4
Tipi,4
Tipoff,6
Tipped,6
Tippet,6
Tipping,7
Tipple,6
Tippling,8
Tippy,5
Tiptoe,6
Tiptop,6
Titan,5
Titanic,7
Titanically,11
Titanium,8
Tithe,5
Tithed,6
Titillate,9
Titillating,11
Titillation,11
Titivate,8
Titivating,10
Title,5
Titled,6
Titling,7
Titmice,7
Titration,9
Tittle,6
Titular,7
Toad,4
Tobacco,7
Toccata,7
Tock,4
Toddy,5
Toed,4
Toffee,6
Tofu,4
Toga,4
Togging,7
Toggle,6
Toil,4
Toile,5
Toilet,6
Toilette,8
Toking,6
Told,4
Toll,4
Tomatillo,9
Tomato,6
Tomcat,6
Tome,4
Tomtit,6
Tonal,5
Tone,4
Toned,5
Tong,4
Tonging,7
Tonguing,8
Tonic,5
Toning,6
Tonnage,7
Tonne,5
Tontito,7
Tony,4
Took,4
Tool,4
Toolkit,7
Toon,4
Toonie,6
Toot,4
Tooted,6
Tooth,5
Toothache,9
Toothed,7
Toothy,6
Tooting,7
Tootle,6
Topcoat,7
Tope,4
Toped,5
Topiary,7
Topic,5
Toping,6
Topped,6
Topping,7
Toppling,8
Torah,5
Tori,4
Toric,5
Torii,5
Torn,4
Toro,4
Torpor,6
Tort,4
Torta,5
Tortoni,7
Total,5
Totally,7
Tote,4
Toted,5
Totem,5
Toting,6
Toucan,6
Touch,5
Tough,5
Toughen,7
Toupee,6
Tour,4
Tout,4
Touted,6
Touting,7
Towel,5
Towelette,9
Towing,6
Towline,7
Town,4
Townie,6
Toxic,5
Toxicologic,11
Toxified,8
Toxin,5
Toyed,5
Track,5
Tract,5
Tractor,7
Traffic,7
Trail,5
Train,5
Trait,5
Traitor,7
Tram,4
Tramcar,7
Trap,4
Trattoria,9
Travail,7
Tray,4
Triad,5
Trial,5
Tribal,6
Tribally,8
Tributary,9
Trick,5
Tricolor,8
Tricot,6
Trig,4
Trigraph,8
Trill,5
Trilling,8
Trim,4
Trimaran,8
Trinity,7
Trio,4
Trip,4
Trippy,6
Triton,6
Trivia,6
Trivial,7
Troll,5
Troop,5
Tropic,6
Trot,4
Troth,5
Troubadour,10
Trough,6
Trout,5
Troy,4
Truth,5
Tryout,6
Tuba,4
Tube,4
Tubeful,7
Tubule,6
Tuffet,6
Tuft,4
Tugged,6
Tuition,7
Tulip,5
Tulle,5
Tumult,6
Tuna,4
Tune,4
Tuneup,6
Tunic,5
Tunnel,6
Tupelo,6
Turbo,5
Turbot,6
Turn,4
Turncoat,8
Turnout,7
Tutee,5
Tutelage,8
Tutor,5
Tutted,6
Tutti,5
Tutu,4
Twee,4
Tweed,5
Tween,5
Tweet,5
Tweeted,7
Twice,5
Twig,4
Twin,4
Twinging,8
Twining,7
Twinning,8
Twit,4
Twitch,6
Twitched,8
Twitching,9
Tycoon,6
Type,4
Typed,5
Typing,6
Typo,4
Tyranny,7
Tyrant,6
Tyro,4
Udon,4
Ugly,4
Ukulele,7
Ulna,4
Ulnae,5
Ultima,6
Ultimata,8
Ultimatum,9
Ultra,5
Ululate,7
Umami,5
Umlaut,6
Umped,5
Umping,6
Unable,6
Unapt,5
Unban,5
Unbelief,8
Unbuilt,7
Uncap,5
Uncaring,8
Unceded,7
Uncle,5
Unclench,8
Unclenched,10
Unclutch,8
Uncock,6
Uncocked,8
Uncoil,6
Uncommon,8
Uncooked,8
Uncool,6
Unction,7
Uncuff,6
Uncuffed,8
Uncurl,6
Uncut,5
Undead,6
Undefended,10
Undid,5
Undimmed,8
Undo,4
Undock,6
Undocked,8
Undone,6
Undue,5
Uneaten,7
Unequal,7
Unequaled,9
Uneven,6
Unevolved,9
Unfading,8
Unfed,5
Unfenced,8
Unfledged,9
Unfounded,9
Unfunded,8
Ungentle,8
Ungiving,8
Unglue,6
Unglued,7
Unground,8
Ungroup,7
Unguent,7
Ungulate,8
Unhanging,9
Unheeded,8
Unheeding,9
Unhidden,8
Unhinge,7
Unhinged,8
Unhinging,9
Unhung,6
Unicolor,8
Unicorn,7
Unilingual,10
Union,5
Unironic,8
Unit,4
Unite,5
Unity,5
Unjam,5
Unjamming,9
Unkink,6
Unkinking,9
Unknit,6
Unknitting,10
Unknot,6
Unknotting,10
Unladen,7
Unlaid,6
Unlatch,7
Unleaded,8
Unlet,5
Unlevel,7
Unliking,8
Unlined,7
Unlink,6
Unlinking,9
Unlit,5
Unloved,7
Unman,5
Unmanning,9
Unmet,5
Unmoor,6
Unmooring,9
Unmount,7
Unmute,6
Unneeded,8
Unoffended,10
Unopen,6
Unopened,8
Unpeeled,8
Unpen,5
Unpenned,8
Unpile,6
Unpin,5
Unpinning,9
Unrig,5
Unrigging,9
Unroll,6
Untag,5
Untangle,8
Unthought,9
Untie,5
Until,5
Unto,4
Untune,6
Unveil,6
Unwaxed,7
Unweaned,8
Unwed,5
Unwedded,8
Unweeded,8
Unwon,5
Updo,4
Upend,5
Upended,7
Upfield,7
Uplit,5
Upon,4
Upped,5
Upping,6
Uptilt,6
Uranium,7
Urging,6
Uric,4
Utile,5
Uvula,5
Uvular,6
Vacant,6
Vacate,6
Vacating,8
Vagal,5
Vagina,6
Vaginal,7
Vagrant,7
Vain,4
Vainly,6
Valance,7
Vale,4
Valence,7
Valet,5
Valiant,7
Valid,5
Validly,7
Valley,6
Valor,5
Valve,5
Vamp,4
Vandal,6
Vane,4
Vanilla,7
Vanillin,8
Vanpool,7
Vape,4
Vapid,5
Vapidity,8
Variant,7
Varmint,7
Vault,5
Veal,4
Veep,4
Vegetal,7
Vegetate,8
Vegged,6
Veggie,6
Vegging,7
Veil,4
Veiled,6
Veiling,7
Vein,4
Veined,6
Veining,7
Veiny,5
Veld,4
Vellum,6
Velum,5
Velvet,6
Velveteen,9
Venally,7
Vend,4
Vended,6
Vending,7
Venially,8
Vent,4
Venue,5
Venule,6
Veto,4
Vetoed,6
Viable,6
Viaduct,7
Vial,4
Vibe,4
Vibed,5
Vibrant,7
Vibrato,7
Vibrator,8
Vicinity,8
Victim,6
Victimize,9
Victor,6
Video,5
Videoed,7
Vied,4
Vigil,5
Vigilant,8
Vigor,5
Viking,6
Vile,4
Vilely,6
Villa,5
Villain,7
Villainy,8
Vincible,8
Vine,4
Viny,4
Vinyl,5
Viol,4
Viola,5
Violation,9
Violin,6
Viral,5
Virgin,6
Virology,8
Virtual,7
Vital,5
Vitamin,7
Vitiate,7
Vitiating,9
Vitriol,7
Vitriolic,9
Vivacity,8
Vivid,5
Vividly,7
Vlog,4
Void,4
Voided,6
Voila,5
Voile,5
Volant,6
Vole,4
Volition,8
Volitional,10
Volt,4
Voltage,7
Vomit,5
Voodoo,6
Vote,4
Voted,5
Votive,6
Vulpine,7
Vulva,5
Vulval,6
Vulvar,6
Wadded,6
Wade,4
Waded,5
Wagging,7
Waging,6
Wahoo,5
Waif,4
Wake,4
Waken,5
Wakening,8
Waking,6
Walk,4
Walkout,7
Wall,4
Wallaroo,8
Wallow,6
Wand,4
Wane,4
Waned,5
Waning,6
Wanna,5
Want,4
Wanton,6
Ward,4
Warlord,7
Warn,4
Warp,4
Warrant,7
Warrantor,9
Warrior,7
Wart,4
Wary,4
Watch,5
Watched,7
Watt,4
Waul,4
Waxen,5
Wayward,7
Weak,4
Weaken,6
Weakening,9
Wean,4
Weaned,6
Wedded,6
Wedgie,6
Weed,4
Weeded,6
Week,4
Weep,4
Weepie,6
Weigh,5
Weighed,7
Weighing,8
Weight,6
Weighted,8
Weighty,7
Weld,4
Welded,6
Well,4
Welled,6
Wench,5
Wend,4
Wended,6
Went,4
Wetted,6
Whammo,6
What,4
Whatnot,7
Wheat,5
Whee,4
When,4
Whence,6
Whet,4
Whetted,7
Whew,4
Which,5
Whine,5
Whinge,6
Whinging,8
Whining,7
Whit,4
White,5
Whiting,7
Whoa,4
Whom,4
Wide,4
Widget,6
Widow,5
Width,5
Wield,5
Wielded,7
Wigged,6
Wigging,7
Wight,5
Wigwag,6
Wigwagging,10
Wiki,4
Wild,4
Wildwood,8
Wile,4
Will,4
Willed,6
Willow,6
Winch,5
Wincing,7
Wind,4
Windmill,8
Windmilled,10
Window,6
Wing,4
Winging,7
Wining,6
Wink,4
Winking,7
Winning,7
Winnow,6
Winnowing,9
Wino,4
Wipe,4
Wiping,6
Wiring,6
Witch,5
Witching,8
With,4
Within,6
Witting,7
Witty,5
Wobble,6
Wolf,4
Wolfed,6
Woman,5
Womanhood,9
Wonk,4
Wont,4
Wonton,6
Wood,4
Wooded,6
Wooden,6
Woodwind,8
Woodwork,8
Woody,5
Wooed,5
Woof,4
Woofed,6
Woohoo,6
Wooing,6
Wool,4
Woolen,6
Woot,4
Word,4
Wording,7
Wordy,5
Work,4
Workaday,8
Workbook,8
Workday,7
Workload,8
Workman,7
Workwoman,9
World,5
Worn,4
Worry,5
Wort,4
Worth,5
Wowed,5
Wowing,6
Wrap,4
Wrapping,8
Wrath,5
Wring,5
Wringing,8
Wrong,5
Wrongdoing,10
Wronging,8
Wroth,5
Wrought,7
Xenon,5
Yahoo,5
Yakking,7
Yaks,4
Yang,4
Yank,4
Yanking,7
Yappy,5
Yard,4
Yardwork,8
Yarn,4
Yarrow,6
Yeah,4
Yeas,4
Yecch,5
Yech,4
Yell,4
Yelled,6
Yelp,4
Yenned,6
Yenning,7
Yenta,5
Yente,5
Yeomen,6
Yeti,4
Yipe,4
Yippee,6
Yippie,6
Yipping,7
Yoga,4
Yogi,4
Yond,4
Yoohoo,6
Your,4
Yuan,4
Yule,4
Yurt,4
Zagging,7
Zany,4
Zeal,4
Zeta,4
Zigging,7
Zigzag,6
Zigzagging,10
Zine,4
Zing,4
Zinging,7
Zinnia,6
Ziti,4
Zonal,5
Zone,4
Zoom,4
